timestamp,action,original_path,original_abs_path,destination_path,destination_abs_path,domain,confidence,file_size_bytes,status,error_message
2026-02-19T21:58:31.882572,DRY_RUN_COPY,attendance\Afro_Mayo.xlsx,E:\Users\ibrahim\Desktop\techno_data_ Copy\attendance\Afro_Mayo.xlsx,_REORGANIZED\01_CourseAttendance\Archive\Afro_Mayo.xlsx,E:\Users\ibrahim\Desktop\techno_data_ Copy\_REORGANIZED\01_CourseAttendance\Archive\Afro_Mayo.xlsx,CourseAttendance,0.057,,DRY_RUN,
2026-02-19T21:58:31.883434,DRY_RUN_COPY,attendance\Friday.xlsx,E:\Users\ibrahim\Desktop\techno_data_ Copy\attendance\Friday.xlsx,_REORGANIZED\01_CourseAttendance\Active\Friday.xlsx,E:\Users\ibrahim\Desktop\techno_data_ Copy\_REORGANIZED\01_CourseAttendance\Active\Friday.xlsx,CourseAttendance,0.057,,DRY_RUN,
2026-02-19T21:58:31.884165,DRY_RUN_COPY,attendance\monday.xlsx,E:\Users\ibrahim\Desktop\techno_data_ Copy\attendance\monday.xlsx,_REORGANIZED\01_CourseAttendance\Active\monday.xlsx,E:\Users\ibrahim\Desktop\techno_data_ Copy\_REORGANIZED\01_CourseAttendance\Active\monday.xlsx,CourseAttendance,0.057,,DRY_RUN,
2026-02-19T21:58:31.884988,DRY_RUN_COPY,attendance\saturday (Recovered).xlsx,E:\Users\ibrahim\Desktop\techno_data_ Copy\attendance\saturday (Recovered).xlsx,_REORGANIZED\01_CourseAttendance\Active\saturday (Recovered).xlsx,E:\Users\ibrahim\Desktop\techno_data_ Copy\_REORGANIZED\01_CourseAttendance\Active\saturday (Recovered).xlsx,CourseAttendance,0.057,,DRY_RUN,
2026-02-19T21:58:31.885727,DRY_RUN_COPY,attendance\sunday.xlsx,E:\Users\ibrahim\Desktop\techno_data_ Copy\attendance\sunday.xlsx,_REORGANIZED\01_CourseAttendance\Active\sunday.xlsx,E:\Users\ibrahim\Desktop\techno_data_ Copy\_REORGANIZED\01_CourseAttendance\Active\sunday.xlsx,CourseAttendance,0.057,,DRY_RUN,
2026-02-19T21:58:31.886458,DRY_RUN_COPY,attendance\thursday.xlsx,E:\Users\ibrahim\Desktop\techno_data_ Copy\attendance\thursday.xlsx,_REORGANIZED\01_CourseAttendance\Active\thursday.xlsx,E:\Users\ibrahim\Desktop\techno_data_ Copy\_REORGANIZED\01_CourseAttendance\Active\thursday.xlsx,CourseAttendance,0.057,,DRY_RUN,
2026-02-19T21:58:31.887142,DRY_RUN_COPY,attendance\tuesday.xlsx,E:\Users\ibrahim\Desktop\techno_data_ Copy\attendance\tuesday.xlsx,_REORGANIZED\05_Unclassified\tuesday.xlsx,E:\Users\ibrahim\Desktop\techno_data_ Copy\_REORGANIZED\05_Unclassified\tuesday.xlsx,Unclassified,0.0,,DRY_RUN,
2026-02-19T21:58:31.887795,DRY_RUN_COPY,attendance\wednesday.xlsx,E:\Users\ibrahim\Desktop\techno_data_ Copy\attendance\wednesday.xlsx,_REORGANIZED\01_CourseAttendance\Active\wednesday.xlsx,E:\Users\ibrahim\Desktop\techno_data_ Copy\_REORGANIZED\01_CourseAttendance\Active\wednesday.xlsx,CourseAttendance,0.057,,DRY_RUN,
2026-02-19T21:58:31.888494,DRY_RUN_COPY,courses 2\AAP Inventor nada sat 3-6.xlsx,E:\Users\ibrahim\Desktop\techno_data_ Copy\courses 2\AAP Inventor nada sat 3-6.xlsx,_REORGANIZED\01_CourseAttendance\Active\AAP Inventor nada sat 3-6.xlsx,E:\Users\ibrahim\Desktop\techno_data_ Copy\_REORGANIZED\01_CourseAttendance\Active\AAP Inventor nada sat 3-6.xlsx,CourseAttendance,0.314,,DRY_RUN,
2026-02-19T21:58:31.889193,DRY_RUN_COPY,courses 2\Code.org sat 11-2 nada.xlsx,E:\Users\ibrahim\Desktop\techno_data_ Copy\courses 2\Code.org sat 11-2 nada.xlsx,_REORGANIZED\01_CourseAttendance\Active\Code.org sat 11-2 nada.xlsx,E:\Users\ibrahim\Desktop\techno_data_ Copy\_REORGANIZED\01_CourseAttendance\Active\Code.org sat 11-2 nada.xlsx,CourseAttendance,0.229,,DRY_RUN,
2026-02-19T21:58:31.889968,DRY_RUN_COPY,courses 2\Html sat 6-8.xlsx,E:\Users\ibrahim\Desktop\techno_data_ Copy\courses 2\Html sat 6-8.xlsx,_REORGANIZED\01_CourseAttendance\Active\Html sat 6-8.xlsx,E:\Users\ibrahim\Desktop\techno_data_ Copy\_REORGANIZED\01_CourseAttendance\Active\Html sat 6-8.xlsx,CourseAttendance,0.229,,DRY_RUN,
2026-02-19T21:58:31.890713,DRY_RUN_COPY,courses 2\LEGO Sat 5-8.xlsx,E:\Users\ibrahim\Desktop\techno_data_ Copy\courses 2\LEGO Sat 5-8.xlsx,_REORGANIZED\01_CourseAttendance\Active\LEGO Sat 5-8.xlsx,E:\Users\ibrahim\Desktop\techno_data_ Copy\_REORGANIZED\01_CourseAttendance\Active\LEGO Sat 5-8.xlsx,CourseAttendance,0.229,,DRY_RUN,
2026-02-19T21:58:31.891465,DRY_RUN_COPY,courses 2\Mobile aap nada  fri 5.xlsx,E:\Users\ibrahim\Desktop\techno_data_ Copy\courses 2\Mobile aap nada  fri 5.xlsx,_REORGANIZED\01_CourseAttendance\Active\Mobile aap nada  fri 5.xlsx,E:\Users\ibrahim\Desktop\techno_data_ Copy\_REORGANIZED\01_CourseAttendance\Active\Mobile aap nada  fri 5.xlsx,CourseAttendance,0.314,,DRY_RUN,
2026-02-19T21:58:31.892235,DRY_RUN_COPY,courses 2\SCRATCH FRI REEM 3.xlsx,E:\Users\ibrahim\Desktop\techno_data_ Copy\courses 2\SCRATCH FRI REEM 3.xlsx,_REORGANIZED\01_CourseAttendance\Active\SCRATCH FRI REEM 3.xlsx,E:\Users\ibrahim\Desktop\techno_data_ Copy\_REORGANIZED\01_CourseAttendance\Active\SCRATCH FRI REEM 3.xlsx,CourseAttendance,0.314,,DRY_RUN,
2026-02-19T21:58:31.892908,DRY_RUN_COPY,courses 2\SPACE Mon5-8.xlsx,E:\Users\ibrahim\Desktop\techno_data_ Copy\courses 2\SPACE Mon5-8.xlsx,_REORGANIZED\01_CourseAttendance\Active\SPACE Mon5-8.xlsx,E:\Users\ibrahim\Desktop\techno_data_ Copy\_REORGANIZED\01_CourseAttendance\Active\SPACE Mon5-8.xlsx,CourseAttendance,0.229,,DRY_RUN,
2026-02-19T21:58:31.893619,DRY_RUN_COPY,courses 2\arduino w 2-5.xlsx,E:\Users\ibrahim\Desktop\techno_data_ Copy\courses 2\arduino w 2-5.xlsx,_REORGANIZED\01_CourseAttendance\Active\arduino w 2-5.xlsx,E:\Users\ibrahim\Desktop\techno_data_ Copy\_REORGANIZED\01_CourseAttendance\Active\arduino w 2-5.xlsx,CourseAttendance,0.257,,DRY_RUN,
2026-02-19T21:58:31.894433,DRY_RUN_COPY,courses 2\code.org 12-3 mariam.xlsx,E:\Users\ibrahim\Desktop\techno_data_ Copy\courses 2\code.org 12-3 mariam.xlsx,_REORGANIZED\01_CourseAttendance\Active\code.org 12-3 mariam.xlsx,E:\Users\ibrahim\Desktop\techno_data_ Copy\_REORGANIZED\01_CourseAttendance\Active\code.org 12-3 mariam.xlsx,CourseAttendance,0.229,,DRY_RUN,
2026-02-19T21:58:31.895199,DRY_RUN_COPY,courses 2\css thu 3-5.xlsx,E:\Users\ibrahim\Desktop\techno_data_ Copy\courses 2\css thu 3-5.xlsx,_REORGANIZED\01_CourseAttendance\Active\css thu 3-5.xlsx,E:\Users\ibrahim\Desktop\techno_data_ Copy\_REORGANIZED\01_CourseAttendance\Active\css thu 3-5.xlsx,CourseAttendance,0.314,,DRY_RUN,
2026-02-19T21:58:31.895991,DRY_RUN_COPY,courses 2\html salma w 3-5.xlsx,E:\Users\ibrahim\Desktop\techno_data_ Copy\courses 2\html salma w 3-5.xlsx,_REORGANIZED\01_CourseAttendance\Active\html salma w 3-5.xlsx,E:\Users\ibrahim\Desktop\techno_data_ Copy\_REORGANIZED\01_CourseAttendance\Active\html salma w 3-5.xlsx,CourseAttendance,0.314,,DRY_RUN,
2026-02-19T21:58:31.896702,DRY_RUN_COPY,courses 2\Old Courses\Biology Fri 6-8.xlsx,E:\Users\ibrahim\Desktop\techno_data_ Copy\courses 2\Old Courses\Biology Fri 6-8.xlsx,_REORGANIZED\01_CourseAttendance\Archive\Biology Fri 6-8.xlsx,E:\Users\ibrahim\Desktop\techno_data_ Copy\_REORGANIZED\01_CourseAttendance\Archive\Biology Fri 6-8.xlsx,CourseAttendance,0.286,,DRY_RUN,
2026-02-19T21:58:31.897515,DRY_RUN_COPY,courses 2\Old Courses\CSS L1 Fri 11-2.xlsx,E:\Users\ibrahim\Desktop\techno_data_ Copy\courses 2\Old Courses\CSS L1 Fri 11-2.xlsx,_REORGANIZED\01_CourseAttendance\Archive\CSS L1 Fri 11-2.xlsx,E:\Users\ibrahim\Desktop\techno_data_ Copy\_REORGANIZED\01_CourseAttendance\Archive\CSS L1 Fri 11-2.xlsx,CourseAttendance,0.229,,DRY_RUN,
2026-02-19T21:58:31.898576,DRY_RUN_COPY,courses 2\Old Courses\CSS L2 wed 2-4.xlsx,E:\Users\ibrahim\Desktop\techno_data_ Copy\courses 2\Old Courses\CSS L2 wed 2-4.xlsx,_REORGANIZED\01_CourseAttendance\Archive\CSS L2 wed 2-4.xlsx,E:\Users\ibrahim\Desktop\techno_data_ Copy\_REORGANIZED\01_CourseAttendance\Archive\CSS L2 wed 2-4.xlsx,CourseAttendance,0.257,,DRY_RUN,
2026-02-19T21:58:31.899307,DRY_RUN_COPY,courses 2\Old Courses\CSS Mon 12-2.xlsx,E:\Users\ibrahim\Desktop\techno_data_ Copy\courses 2\Old Courses\CSS Mon 12-2.xlsx,_REORGANIZED\01_CourseAttendance\Archive\CSS Mon 12-2.xlsx,E:\Users\ibrahim\Desktop\techno_data_ Copy\_REORGANIZED\01_CourseAttendance\Archive\CSS Mon 12-2.xlsx,CourseAttendance,0.257,,DRY_RUN,
2026-02-19T21:58:31.900038,DRY_RUN_COPY,courses 2\Old Courses\Digital marketing mon 4-7.xlsx,E:\Users\ibrahim\Desktop\techno_data_ Copy\courses 2\Old Courses\Digital marketing mon 4-7.xlsx,_REORGANIZED\01_CourseAttendance\Archive\Digital marketing mon 4-7.xlsx,E:\Users\ibrahim\Desktop\techno_data_ Copy\_REORGANIZED\01_CourseAttendance\Archive\Digital marketing mon 4-7.xlsx,CourseAttendance,0.257,,DRY_RUN,
2026-02-19T21:58:31.900845,DRY_RUN_COPY,courses 2\Old Courses\EV3.xlsx,E:\Users\ibrahim\Desktop\techno_data_ Copy\courses 2\Old Courses\EV3.xlsx,_REORGANIZED\01_CourseAttendance\Archive\EV3.xlsx,E:\Users\ibrahim\Desktop\techno_data_ Copy\_REORGANIZED\01_CourseAttendance\Archive\EV3.xlsx,CourseAttendance,0.229,,DRY_RUN,
2026-02-19T21:58:31.901623,DRY_RUN_COPY,courses 2\Old Courses\Electronics sun 6-8.xlsx,E:\Users\ibrahim\Desktop\techno_data_ Copy\courses 2\Old Courses\Electronics sun 6-8.xlsx,_REORGANIZED\01_CourseAttendance\Archive\Electronics sun 6-8.xlsx,E:\Users\ibrahim\Desktop\techno_data_ Copy\_REORGANIZED\01_CourseAttendance\Archive\Electronics sun 6-8.xlsx,CourseAttendance,0.229,,DRY_RUN,
2026-02-19T21:58:31.902271,DRY_RUN_COPY,courses 2\Old Courses\Electronics wed 6-8.xlsx,E:\Users\ibrahim\Desktop\techno_data_ Copy\courses 2\Old Courses\Electronics wed 6-8.xlsx,_REORGANIZED\01_CourseAttendance\Archive\Electronics wed 6-8.xlsx,E:\Users\ibrahim\Desktop\techno_data_ Copy\_REORGANIZED\01_CourseAttendance\Archive\Electronics wed 6-8.xlsx,CourseAttendance,0.229,,DRY_RUN,
2026-02-19T21:58:31.902958,DRY_RUN_COPY,courses 2\Old Courses\HTML sun 11 30- 1 30.xlsx,E:\Users\ibrahim\Desktop\techno_data_ Copy\courses 2\Old Courses\HTML sun 11 30- 1 30.xlsx,_REORGANIZED\01_CourseAttendance\Archive\HTML sun 11 30- 1 30.xlsx,E:\Users\ibrahim\Desktop\techno_data_ Copy\_REORGANIZED\01_CourseAttendance\Archive\HTML sun 11 30- 1 30.xlsx,CourseAttendance,0.343,,DRY_RUN,
2026-02-19T21:58:31.903670,DRY_RUN_COPY,courses 2\Old Courses\ICT MON.xlsx,E:\Users\ibrahim\Desktop\techno_data_ Copy\courses 2\Old Courses\ICT MON.xlsx,_REORGANIZED\01_CourseAttendance\Archive\ICT MON.xlsx,E:\Users\ibrahim\Desktop\techno_data_ Copy\_REORGANIZED\01_CourseAttendance\Archive\ICT MON.xlsx,CourseAttendance,0.229,,DRY_RUN,
2026-02-19T21:58:31.904387,DRY_RUN_COPY,courses 2\Old Courses\Java L1 Sat 2-4.xlsx,E:\Users\ibrahim\Desktop\techno_data_ Copy\courses 2\Old Courses\Java L1 Sat 2-4.xlsx,_REORGANIZED\01_CourseAttendance\Archive\Java L1 Sat 2-4.xlsx,E:\Users\ibrahim\Desktop\techno_data_ Copy\_REORGANIZED\01_CourseAttendance\Archive\Java L1 Sat 2-4.xlsx,CourseAttendance,0.229,,DRY_RUN,
2026-02-19T21:58:31.905161,DRY_RUN_COPY,courses 2\Old Courses\Java L1 Thu 6-8.xlsx,E:\Users\ibrahim\Desktop\techno_data_ Copy\courses 2\Old Courses\Java L1 Thu 6-8.xlsx,_REORGANIZED\01_CourseAttendance\Archive\Java L1 Thu 6-8.xlsx,E:\Users\ibrahim\Desktop\techno_data_ Copy\_REORGANIZED\01_CourseAttendance\Archive\Java L1 Thu 6-8.xlsx,CourseAttendance,0.229,,DRY_RUN,
2026-02-19T21:58:31.905903,DRY_RUN_COPY,courses 2\Old Courses\Java Thu 1-3.xlsx,E:\Users\ibrahim\Desktop\techno_data_ Copy\courses 2\Old Courses\Java Thu 1-3.xlsx,_REORGANIZED\01_CourseAttendance\Archive\Java Thu 1-3.xlsx,E:\Users\ibrahim\Desktop\techno_data_ Copy\_REORGANIZED\01_CourseAttendance\Archive\Java Thu 1-3.xlsx,CourseAttendance,0.171,,DRY_RUN,
2026-02-19T21:58:31.906559,DRY_RUN_COPY,courses 2\Old Courses\Junior Electronics fri 2-4.xlsx,E:\Users\ibrahim\Desktop\techno_data_ Copy\courses 2\Old Courses\Junior Electronics fri 2-4.xlsx,_REORGANIZED\01_CourseAttendance\Archive\Junior Electronics fri 2-4.xlsx,E:\Users\ibrahim\Desktop\techno_data_ Copy\_REORGANIZED\01_CourseAttendance\Archive\Junior Electronics fri 2-4.xlsx,CourseAttendance,0.314,,DRY_RUN,
2026-02-19T21:58:31.907300,DRY_RUN_COPY,courses 2\Old Courses\Junior scratch SAT 2-4.xlsx,E:\Users\ibrahim\Desktop\techno_data_ Copy\courses 2\Old Courses\Junior scratch SAT 2-4.xlsx,_REORGANIZED\01_CourseAttendance\Archive\Junior scratch SAT 2-4.xlsx,E:\Users\ibrahim\Desktop\techno_data_ Copy\_REORGANIZED\01_CourseAttendance\Archive\Junior scratch SAT 2-4.xlsx,CourseAttendance,0.257,,DRY_RUN,
2026-02-19T21:58:31.907970,DRY_RUN_COPY,courses 2\Old Courses\Junior scratch thu 6-8.xlsx,E:\Users\ibrahim\Desktop\techno_data_ Copy\courses 2\Old Courses\Junior scratch thu 6-8.xlsx,_REORGANIZED\01_CourseAttendance\Archive\Junior scratch thu 6-8.xlsx,E:\Users\ibrahim\Desktop\techno_data_ Copy\_REORGANIZED\01_CourseAttendance\Archive\Junior scratch thu 6-8.xlsx,CourseAttendance,0.257,,DRY_RUN,
2026-02-19T21:58:31.908756,DRY_RUN_COPY,courses 2\Old Courses\Python thu 6-8.xlsx,E:\Users\ibrahim\Desktop\techno_data_ Copy\courses 2\Old Courses\Python thu 6-8.xlsx,_REORGANIZED\01_CourseAttendance\Archive\Python thu 6-8.xlsx,E:\Users\ibrahim\Desktop\techno_data_ Copy\_REORGANIZED\01_CourseAttendance\Archive\Python thu 6-8.xlsx,CourseAttendance,0.257,,DRY_RUN,
2026-02-19T21:58:31.909451,DRY_RUN_COPY,courses 2\Old Courses\SPACE sat5-8.xlsx,E:\Users\ibrahim\Desktop\techno_data_ Copy\courses 2\Old Courses\SPACE sat5-8.xlsx,_REORGANIZED\01_CourseAttendance\Archive\SPACE sat5-8.xlsx,E:\Users\ibrahim\Desktop\techno_data_ Copy\_REORGANIZED\01_CourseAttendance\Archive\SPACE sat5-8.xlsx,CourseAttendance,0.229,,DRY_RUN,
2026-02-19T21:58:31.910221,DRY_RUN_COPY,courses 2\Old Courses\Steam Park fri 6.xlsx,E:\Users\ibrahim\Desktop\techno_data_ Copy\courses 2\Old Courses\Steam Park fri 6.xlsx,_REORGANIZED\01_CourseAttendance\Archive\Steam Park fri 6.xlsx,E:\Users\ibrahim\Desktop\techno_data_ Copy\_REORGANIZED\01_CourseAttendance\Archive\Steam Park fri 6.xlsx,CourseAttendance,0.257,,DRY_RUN,
2026-02-19T21:58:31.910857,DRY_RUN_COPY,courses 2\Old Courses\Wedo 2 Fri 6-8.xlsx,E:\Users\ibrahim\Desktop\techno_data_ Copy\courses 2\Old Courses\Wedo 2 Fri 6-8.xlsx,_REORGANIZED\01_CourseAttendance\Archive\Wedo 2 Fri 6-8.xlsx,E:\Users\ibrahim\Desktop\techno_data_ Copy\_REORGANIZED\01_CourseAttendance\Archive\Wedo 2 Fri 6-8.xlsx,CourseAttendance,0.257,,DRY_RUN,
2026-02-19T21:58:31.911618,DRY_RUN_COPY,courses 2\Old Courses\Wedo sun 3.30.xlsx,E:\Users\ibrahim\Desktop\techno_data_ Copy\courses 2\Old Courses\Wedo sun 3.30.xlsx,_REORGANIZED\01_CourseAttendance\Archive\Wedo sun 3.30.xlsx,E:\Users\ibrahim\Desktop\techno_data_ Copy\_REORGANIZED\01_CourseAttendance\Archive\Wedo sun 3.30.xlsx,CourseAttendance,0.314,,DRY_RUN,
2026-02-19T21:58:31.912241,DRY_RUN_COPY,courses 2\Old Courses\Word 5-7 sat.xlsx,E:\Users\ibrahim\Desktop\techno_data_ Copy\courses 2\Old Courses\Word 5-7 sat.xlsx,_REORGANIZED\01_CourseAttendance\Archive\Word 5-7 sat.xlsx,E:\Users\ibrahim\Desktop\techno_data_ Copy\_REORGANIZED\01_CourseAttendance\Archive\Word 5-7 sat.xlsx,CourseAttendance,0.257,,DRY_RUN,
2026-02-19T21:58:31.913739,DRY_RUN_COPY,courses 2\Old Courses\electronecs nada sat 7-9.xlsx,E:\Users\ibrahim\Desktop\techno_data_ Copy\courses 2\Old Courses\electronecs nada sat 7-9.xlsx,_REORGANIZED\01_CourseAttendance\Archive\electronecs nada sat 7-9.xlsx,E:\Users\ibrahim\Desktop\techno_data_ Copy\_REORGANIZED\01_CourseAttendance\Archive\electronecs nada sat 7-9.xlsx,CourseAttendance,0.229,,DRY_RUN,
2026-02-19T21:58:31.914394,DRY_RUN_COPY,courses 2\Old Courses\electronecs reem fri 12.xlsx,E:\Users\ibrahim\Desktop\techno_data_ Copy\courses 2\Old Courses\electronecs reem fri 12.xlsx,_REORGANIZED\01_CourseAttendance\Archive\electronecs reem fri 12.xlsx,E:\Users\ibrahim\Desktop\techno_data_ Copy\_REORGANIZED\01_CourseAttendance\Archive\electronecs reem fri 12.xlsx,CourseAttendance,0.229,,DRY_RUN,
2026-02-19T21:58:31.915141,DRY_RUN_COPY,courses 2\Old Courses\ramadan course sun 8-10.xlsx,E:\Users\ibrahim\Desktop\techno_data_ Copy\courses 2\Old Courses\ramadan course sun 8-10.xlsx,_REORGANIZED\01_CourseAttendance\Archive\ramadan course sun 8-10.xlsx,E:\Users\ibrahim\Desktop\techno_data_ Copy\_REORGANIZED\01_CourseAttendance\Archive\ramadan course sun 8-10.xlsx,CourseAttendance,0.314,,DRY_RUN,
2026-02-19T21:58:31.915884,DRY_RUN_COPY,courses 2\Old Courses\spike fri2-4.xlsx,E:\Users\ibrahim\Desktop\techno_data_ Copy\courses 2\Old Courses\spike fri2-4.xlsx,_REORGANIZED\01_CourseAttendance\Archive\spike fri2-4.xlsx,E:\Users\ibrahim\Desktop\techno_data_ Copy\_REORGANIZED\01_CourseAttendance\Archive\spike fri2-4.xlsx,CourseAttendance,0.314,,DRY_RUN,
2026-02-19T21:58:31.916601,DRY_RUN_COPY,courses 2\Old Courses\spike sat 11-2.xlsx,E:\Users\ibrahim\Desktop\techno_data_ Copy\courses 2\Old Courses\spike sat 11-2.xlsx,_REORGANIZED\01_CourseAttendance\Archive\spike sat 11-2.xlsx,E:\Users\ibrahim\Desktop\techno_data_ Copy\_REORGANIZED\01_CourseAttendance\Archive\spike sat 11-2.xlsx,CourseAttendance,0.314,,DRY_RUN,
2026-02-19T21:58:31.917312,DRY_RUN_COPY,courses 2\Old Courses\wedo sat 2-4.xlsx,E:\Users\ibrahim\Desktop\techno_data_ Copy\courses 2\Old Courses\wedo sat 2-4.xlsx,_REORGANIZED\01_CourseAttendance\Archive\wedo sat 2-4.xlsx,E:\Users\ibrahim\Desktop\techno_data_ Copy\_REORGANIZED\01_CourseAttendance\Archive\wedo sat 2-4.xlsx,CourseAttendance,0.314,,DRY_RUN,
2026-02-19T21:58:31.918043,DRY_RUN_COPY,courses 2\Old Courses\winter camp 11-15.xlsx,E:\Users\ibrahim\Desktop\techno_data_ Copy\courses 2\Old Courses\winter camp 11-15.xlsx,_REORGANIZED\01_CourseAttendance\Archive\winter camp 11-15.xlsx,E:\Users\ibrahim\Desktop\techno_data_ Copy\_REORGANIZED\01_CourseAttendance\Archive\winter camp 11-15.xlsx,CourseAttendance,0.229,,DRY_RUN,
2026-02-19T21:58:31.918768,DRY_RUN_COPY,courses 2\Old Courses\winter camp 6-10.xlsx,E:\Users\ibrahim\Desktop\techno_data_ Copy\courses 2\Old Courses\winter camp 6-10.xlsx,_REORGANIZED\01_CourseAttendance\Archive\winter camp 6-10.xlsx,E:\Users\ibrahim\Desktop\techno_data_ Copy\_REORGANIZED\01_CourseAttendance\Archive\winter camp 6-10.xlsx,CourseAttendance,0.229,,DRY_RUN,
2026-02-19T21:58:31.919506,DRY_RUN_COPY,courses 2\Old Courses\اسكراتش جم 2-4.xlsx,E:\Users\ibrahim\Desktop\techno_data_ Copy\courses 2\Old Courses\اسكراتش جم 2-4.xlsx,_REORGANIZED\01_CourseAttendance\Archive\اسكراتش جم 2-4.xlsx,E:\Users\ibrahim\Desktop\techno_data_ Copy\_REORGANIZED\01_CourseAttendance\Archive\اسكراتش جم 2-4.xlsx,CourseAttendance,0.229,,DRY_RUN,
2026-02-19T21:58:31.920128,DRY_RUN_COPY,courses 2\Old Courses\AAFFIAT\AAFFIAT December.xlsx,E:\Users\ibrahim\Desktop\techno_data_ Copy\courses 2\Old Courses\AAFFIAT\AAFFIAT December.xlsx,_REORGANIZED\01_CourseAttendance\Archive\AAFFIAT December.xlsx,E:\Users\ibrahim\Desktop\techno_data_ Copy\_REORGANIZED\01_CourseAttendance\Archive\AAFFIAT December.xlsx,CourseAttendance,0.314,,DRY_RUN,
2026-02-19T21:58:31.920884,DRY_RUN_COPY,courses 2\Old Courses\AAFFIAT\AAFFIAT NOV.xlsx,E:\Users\ibrahim\Desktop\techno_data_ Copy\courses 2\Old Courses\AAFFIAT\AAFFIAT NOV.xlsx,_REORGANIZED\01_CourseAttendance\Archive\AAFFIAT NOV.xlsx,E:\Users\ibrahim\Desktop\techno_data_ Copy\_REORGANIZED\01_CourseAttendance\Archive\AAFFIAT NOV.xlsx,CourseAttendance,0.314,,DRY_RUN,
2026-02-19T21:58:31.921602,DRY_RUN_COPY,courses 2\Old Courses\AAFFIAT\AAFFIAT October.xlsx,E:\Users\ibrahim\Desktop\techno_data_ Copy\courses 2\Old Courses\AAFFIAT\AAFFIAT October.xlsx,_REORGANIZED\01_CourseAttendance\Archive\AAFFIAT October.xlsx,E:\Users\ibrahim\Desktop\techno_data_ Copy\_REORGANIZED\01_CourseAttendance\Archive\AAFFIAT October.xlsx,CourseAttendance,0.314,,DRY_RUN,
2026-02-19T21:58:31.922338,DRY_RUN_COPY,courses 2\Old Courses\AAFFIAT\AAFIAT Feb.xlsx,E:\Users\ibrahim\Desktop\techno_data_ Copy\courses 2\Old Courses\AAFFIAT\AAFIAT Feb.xlsx,_REORGANIZED\01_CourseAttendance\Archive\AAFIAT Feb.xlsx,E:\Users\ibrahim\Desktop\techno_data_ Copy\_REORGANIZED\01_CourseAttendance\Archive\AAFIAT Feb.xlsx,CourseAttendance,0.314,,DRY_RUN,
2026-02-19T21:58:31.923135,DRY_RUN_COPY,courses 2\Old Courses\AAFFIAT\AAFIAT SOFTWARE.xlsx,E:\Users\ibrahim\Desktop\techno_data_ Copy\courses 2\Old Courses\AAFFIAT\AAFIAT SOFTWARE.xlsx,_REORGANIZED\01_CourseAttendance\Archive\AAFIAT SOFTWARE.xlsx,E:\Users\ibrahim\Desktop\techno_data_ Copy\_REORGANIZED\01_CourseAttendance\Archive\AAFIAT SOFTWARE.xlsx,CourseAttendance,0.314,,DRY_RUN,
2026-02-19T21:58:31.923941,DRY_RUN_COPY,courses 2\Old Courses\AAFFIAT\AAFIAT january 2025.xlsx,E:\Users\ibrahim\Desktop\techno_data_ Copy\courses 2\Old Courses\AAFFIAT\AAFIAT january 2025.xlsx,_REORGANIZED\01_CourseAttendance\Archive\AAFIAT january 2025.xlsx,E:\Users\ibrahim\Desktop\techno_data_ Copy\_REORGANIZED\01_CourseAttendance\Archive\AAFIAT january 2025.xlsx,CourseAttendance,0.314,,DRY_RUN,
2026-02-19T21:58:31.924595,DRY_RUN_COPY,courses 2\Old Courses\April 2024\Ev3 Sat 5-8.xlsx,E:\Users\ibrahim\Desktop\techno_data_ Copy\courses 2\Old Courses\April 2024\Ev3 Sat 5-8.xlsx,_REORGANIZED\01_CourseAttendance\Archive\Ev3 Sat 5-8.xlsx,E:\Users\ibrahim\Desktop\techno_data_ Copy\_REORGANIZED\01_CourseAttendance\Archive\Ev3 Sat 5-8.xlsx,CourseAttendance,0.343,,DRY_RUN,
2026-02-19T21:58:31.925326,DRY_RUN_COPY,courses 2\Old Courses\April 2024\HTML sun 11 30- 1 30.xlsx,E:\Users\ibrahim\Desktop\techno_data_ Copy\courses 2\Old Courses\April 2024\HTML sun 11 30- 1 30.xlsx,_REORGANIZED\01_CourseAttendance\Archive\HTML sun 11 30- 1 30.xlsx,E:\Users\ibrahim\Desktop\techno_data_ Copy\_REORGANIZED\01_CourseAttendance\Archive\HTML sun 11 30- 1 30.xlsx,CourseAttendance,0.343,,DRY_RUN,
2026-02-19T21:58:31.926087,DRY_RUN_COPY,courses 2\Old Courses\April 2024\Scratch Sun 12-3.xlsx,E:\Users\ibrahim\Desktop\techno_data_ Copy\courses 2\Old Courses\April 2024\Scratch Sun 12-3.xlsx,_REORGANIZED\01_CourseAttendance\Archive\Scratch Sun 12-3.xlsx,E:\Users\ibrahim\Desktop\techno_data_ Copy\_REORGANIZED\01_CourseAttendance\Archive\Scratch Sun 12-3.xlsx,CourseAttendance,0.343,,DRY_RUN,
2026-02-19T21:58:31.926817,DRY_RUN_COPY,courses 2\Old Courses\April 2024\Spike fri 5-8.xlsx,E:\Users\ibrahim\Desktop\techno_data_ Copy\courses 2\Old Courses\April 2024\Spike fri 5-8.xlsx,_REORGANIZED\01_CourseAttendance\Archive\Spike fri 5-8.xlsx,E:\Users\ibrahim\Desktop\techno_data_ Copy\_REORGANIZED\01_CourseAttendance\Archive\Spike fri 5-8.xlsx,CourseAttendance,0.343,,DRY_RUN,
2026-02-19T21:58:31.927538,DRY_RUN_COPY,courses 2\Old Courses\August 2024\CSS L1 Wed 5-8.xlsx,E:\Users\ibrahim\Desktop\techno_data_ Copy\courses 2\Old Courses\August 2024\CSS L1 Wed 5-8.xlsx,_REORGANIZED\01_CourseAttendance\Archive\CSS L1 Wed 5-8.xlsx,E:\Users\ibrahim\Desktop\techno_data_ Copy\_REORGANIZED\01_CourseAttendance\Archive\CSS L1 Wed 5-8.xlsx,CourseAttendance,0.286,,DRY_RUN,
2026-02-19T21:58:31.928481,DRY_RUN_COPY,courses 2\Old Courses\August 2024\CSS L2 Fri 5-8.xlsx,E:\Users\ibrahim\Desktop\techno_data_ Copy\courses 2\Old Courses\August 2024\CSS L2 Fri 5-8.xlsx,_REORGANIZED\01_CourseAttendance\Archive\CSS L2 Fri 5-8.xlsx,E:\Users\ibrahim\Desktop\techno_data_ Copy\_REORGANIZED\01_CourseAttendance\Archive\CSS L2 Fri 5-8.xlsx,CourseAttendance,0.286,,DRY_RUN,
2026-02-19T21:58:31.929254,DRY_RUN_COPY,courses 2\Old Courses\August 2024\CSS Thu 12-3.xlsx,E:\Users\ibrahim\Desktop\techno_data_ Copy\courses 2\Old Courses\August 2024\CSS Thu 12-3.xlsx,_REORGANIZED\01_CourseAttendance\Archive\CSS Thu 12-3.xlsx,E:\Users\ibrahim\Desktop\techno_data_ Copy\_REORGANIZED\01_CourseAttendance\Archive\CSS Thu 12-3.xlsx,CourseAttendance,0.343,,DRY_RUN,
2026-02-19T21:58:31.929915,DRY_RUN_COPY,courses 2\Old Courses\August 2024\Ev3 Sat 6-8.xlsx,E:\Users\ibrahim\Desktop\techno_data_ Copy\courses 2\Old Courses\August 2024\Ev3 Sat 6-8.xlsx,_REORGANIZED\01_CourseAttendance\Archive\Ev3 Sat 6-8.xlsx,E:\Users\ibrahim\Desktop\techno_data_ Copy\_REORGANIZED\01_CourseAttendance\Archive\Ev3 Sat 6-8.xlsx,CourseAttendance,0.343,,DRY_RUN,
2026-02-19T21:58:31.930641,DRY_RUN_COPY,courses 2\Old Courses\August 2024\Ev3 Wed 1-4.xlsx,E:\Users\ibrahim\Desktop\techno_data_ Copy\courses 2\Old Courses\August 2024\Ev3 Wed 1-4.xlsx,_REORGANIZED\01_CourseAttendance\Archive\Ev3 Wed 1-4.xlsx,E:\Users\ibrahim\Desktop\techno_data_ Copy\_REORGANIZED\01_CourseAttendance\Archive\Ev3 Wed 1-4.xlsx,CourseAttendance,0.229,,DRY_RUN,
2026-02-19T21:58:31.931299,DRY_RUN_COPY,courses 2\Old Courses\August 2024\Ev3 fri 5-8.xlsx,E:\Users\ibrahim\Desktop\techno_data_ Copy\courses 2\Old Courses\August 2024\Ev3 fri 5-8.xlsx,_REORGANIZED\01_CourseAttendance\Archive\Ev3 fri 5-8.xlsx,E:\Users\ibrahim\Desktop\techno_data_ Copy\_REORGANIZED\01_CourseAttendance\Archive\Ev3 fri 5-8.xlsx,CourseAttendance,0.343,,DRY_RUN,
2026-02-19T21:58:31.932043,DRY_RUN_COPY,courses 2\Old Courses\August 2024\HTML Sat 11-2.xlsx,E:\Users\ibrahim\Desktop\techno_data_ Copy\courses 2\Old Courses\August 2024\HTML Sat 11-2.xlsx,_REORGANIZED\01_CourseAttendance\Archive\HTML Sat 11-2.xlsx,E:\Users\ibrahim\Desktop\techno_data_ Copy\_REORGANIZED\01_CourseAttendance\Archive\HTML Sat 11-2.xlsx,CourseAttendance,0.229,,DRY_RUN,
2026-02-19T21:58:31.932730,DRY_RUN_COPY,courses 2\Old Courses\August 2024\HTML Sun 5-8 (Nihal).xlsx,E:\Users\ibrahim\Desktop\techno_data_ Copy\courses 2\Old Courses\August 2024\HTML Sun 5-8 (Nihal).xlsx,_REORGANIZED\01_CourseAttendance\Archive\HTML Sun 5-8 (Nihal).xlsx,E:\Users\ibrahim\Desktop\techno_data_ Copy\_REORGANIZED\01_CourseAttendance\Archive\HTML Sun 5-8 (Nihal).xlsx,CourseAttendance,0.286,,DRY_RUN,
2026-02-19T21:58:31.933421,DRY_RUN_COPY,courses 2\Old Courses\August 2024\HTML Wed 12-3.xlsx,E:\Users\ibrahim\Desktop\techno_data_ Copy\courses 2\Old Courses\August 2024\HTML Wed 12-3.xlsx,_REORGANIZED\05_Unclassified\corrupt\HTML Wed 12-3.xlsx,E:\Users\ibrahim\Desktop\techno_data_ Copy\_REORGANIZED\05_Unclassified\corrupt\HTML Wed 12-3.xlsx,Unclassified,0.0,,DRY_RUN,
2026-02-19T21:58:31.934095,DRY_RUN_COPY,courses 2\Old Courses\August 2024\HTML private mon (4-6) wed (6-8).xlsx,E:\Users\ibrahim\Desktop\techno_data_ Copy\courses 2\Old Courses\August 2024\HTML private mon (4-6) wed (6-8).xlsx,_REORGANIZED\01_CourseAttendance\Archive\HTML private mon (4-6) wed (6-8).xlsx,E:\Users\ibrahim\Desktop\techno_data_ Copy\_REORGANIZED\01_CourseAttendance\Archive\HTML private mon (4-6) wed (6-8).xlsx,CourseAttendance,0.171,,DRY_RUN,
2026-02-19T21:58:31.934855,DRY_RUN_COPY,courses 2\Old Courses\August 2024\Jr Electronics 11-2.xlsx,E:\Users\ibrahim\Desktop\techno_data_ Copy\courses 2\Old Courses\August 2024\Jr Electronics 11-2.xlsx,_REORGANIZED\05_Unclassified\corrupt\Jr Electronics 11-2.xlsx,E:\Users\ibrahim\Desktop\techno_data_ Copy\_REORGANIZED\05_Unclassified\corrupt\Jr Electronics 11-2.xlsx,Unclassified,0.0,,DRY_RUN,
2026-02-19T21:58:31.935575,DRY_RUN_COPY,courses 2\Old Courses\August 2024\Junior scratch sat 3-6.xlsx,E:\Users\ibrahim\Desktop\techno_data_ Copy\courses 2\Old Courses\August 2024\Junior scratch sat 3-6.xlsx,_REORGANIZED\01_CourseAttendance\Archive\Junior scratch sat 3-6.xlsx,E:\Users\ibrahim\Desktop\techno_data_ Copy\_REORGANIZED\01_CourseAttendance\Archive\Junior scratch sat 3-6.xlsx,CourseAttendance,0.171,,DRY_RUN,
2026-02-19T21:58:31.936357,DRY_RUN_COPY,courses 2\Old Courses\August 2024\Lego sat 3-6.xlsx,E:\Users\ibrahim\Desktop\techno_data_ Copy\courses 2\Old Courses\August 2024\Lego sat 3-6.xlsx,_REORGANIZED\01_CourseAttendance\Archive\Lego sat 3-6.xlsx,E:\Users\ibrahim\Desktop\techno_data_ Copy\_REORGANIZED\01_CourseAttendance\Archive\Lego sat 3-6.xlsx,CourseAttendance,0.171,,DRY_RUN,
2026-02-19T21:58:31.937048,DRY_RUN_COPY,courses 2\Old Courses\August 2024\Robo Electronics Fri 11-2.xlsx,E:\Users\ibrahim\Desktop\techno_data_ Copy\courses 2\Old Courses\August 2024\Robo Electronics Fri 11-2.xlsx,_REORGANIZED\05_Unclassified\corrupt\Robo Electronics Fri 11-2.xlsx,E:\Users\ibrahim\Desktop\techno_data_ Copy\_REORGANIZED\05_Unclassified\corrupt\Robo Electronics Fri 11-2.xlsx,Unclassified,0.0,,DRY_RUN,
2026-02-19T21:58:31.937772,DRY_RUN_COPY,courses 2\Old Courses\August 2024\Scratch Wed 4-7.xlsx,E:\Users\ibrahim\Desktop\techno_data_ Copy\courses 2\Old Courses\August 2024\Scratch Wed 4-7.xlsx,_REORGANIZED\01_CourseAttendance\Archive\Scratch Wed 4-7.xlsx,E:\Users\ibrahim\Desktop\techno_data_ Copy\_REORGANIZED\01_CourseAttendance\Archive\Scratch Wed 4-7.xlsx,CourseAttendance,0.229,,DRY_RUN,
2026-02-19T21:58:31.938508,DRY_RUN_COPY,courses 2\Old Courses\August 2024\Spike Sat 11-2.xlsx,E:\Users\ibrahim\Desktop\techno_data_ Copy\courses 2\Old Courses\August 2024\Spike Sat 11-2.xlsx,_REORGANIZED\01_CourseAttendance\Archive\Spike Sat 11-2.xlsx,E:\Users\ibrahim\Desktop\techno_data_ Copy\_REORGANIZED\01_CourseAttendance\Archive\Spike Sat 11-2.xlsx,CourseAttendance,0.229,,DRY_RUN,
2026-02-19T21:58:31.939198,DRY_RUN_COPY,courses 2\Old Courses\August 2024\Spike Sat 2-5.xlsx,E:\Users\ibrahim\Desktop\techno_data_ Copy\courses 2\Old Courses\August 2024\Spike Sat 2-5.xlsx,_REORGANIZED\01_CourseAttendance\Archive\Spike Sat 2-5.xlsx,E:\Users\ibrahim\Desktop\techno_data_ Copy\_REORGANIZED\01_CourseAttendance\Archive\Spike Sat 2-5.xlsx,CourseAttendance,0.343,,DRY_RUN,
2026-02-19T21:58:31.939873,DRY_RUN_COPY,courses 2\Old Courses\August 2024\Spike fri 5-8.xlsx,E:\Users\ibrahim\Desktop\techno_data_ Copy\courses 2\Old Courses\August 2024\Spike fri 5-8.xlsx,_REORGANIZED\01_CourseAttendance\Archive\Spike fri 5-8.xlsx,E:\Users\ibrahim\Desktop\techno_data_ Copy\_REORGANIZED\01_CourseAttendance\Archive\Spike fri 5-8.xlsx,CourseAttendance,0.229,,DRY_RUN,
2026-02-19T21:58:31.940619,DRY_RUN_COPY,courses 2\Old Courses\August 2024\python mon 3-6.xlsx,E:\Users\ibrahim\Desktop\techno_data_ Copy\courses 2\Old Courses\August 2024\python mon 3-6.xlsx,_REORGANIZED\01_CourseAttendance\Archive\python mon 3-6.xlsx,E:\Users\ibrahim\Desktop\techno_data_ Copy\_REORGANIZED\01_CourseAttendance\Archive\python mon 3-6.xlsx,CourseAttendance,0.229,,DRY_RUN,
2026-02-19T21:58:31.941348,DRY_RUN_COPY,courses 2\Old Courses\August 2024\wedo sat 11-2.xlsx,E:\Users\ibrahim\Desktop\techno_data_ Copy\courses 2\Old Courses\August 2024\wedo sat 11-2.xlsx,_REORGANIZED\01_CourseAttendance\Archive\wedo sat 11-2.xlsx,E:\Users\ibrahim\Desktop\techno_data_ Copy\_REORGANIZED\01_CourseAttendance\Archive\wedo sat 11-2.xlsx,CourseAttendance,0.229,,DRY_RUN,
2026-02-19T21:58:31.941966,DRY_RUN_COPY,courses 2\Old Courses\August 2024\wedo thu 12-3.xlsx,E:\Users\ibrahim\Desktop\techno_data_ Copy\courses 2\Old Courses\August 2024\wedo thu 12-3.xlsx,_REORGANIZED\01_CourseAttendance\Archive\wedo thu 12-3.xlsx,E:\Users\ibrahim\Desktop\techno_data_ Copy\_REORGANIZED\01_CourseAttendance\Archive\wedo thu 12-3.xlsx,CourseAttendance,0.286,,DRY_RUN,
2026-02-19T21:58:31.942699,DRY_RUN_COPY,courses 2\Old Courses\August 2024\ORCE\ORCE August.xlsx,E:\Users\ibrahim\Desktop\techno_data_ Copy\courses 2\Old Courses\August 2024\ORCE\ORCE August.xlsx,_REORGANIZED\01_CourseAttendance\Archive\ORCE August.xlsx,E:\Users\ibrahim\Desktop\techno_data_ Copy\_REORGANIZED\01_CourseAttendance\Archive\ORCE August.xlsx,CourseAttendance,0.257,,DRY_RUN,
2026-02-19T21:58:31.943515,DRY_RUN_COPY,courses 2\Old Courses\August 2024\ORCE\ORCE July.xlsx,E:\Users\ibrahim\Desktop\techno_data_ Copy\courses 2\Old Courses\August 2024\ORCE\ORCE July.xlsx,_REORGANIZED\01_CourseAttendance\Archive\ORCE July.xlsx,E:\Users\ibrahim\Desktop\techno_data_ Copy\_REORGANIZED\01_CourseAttendance\Archive\ORCE July.xlsx,CourseAttendance,0.257,,DRY_RUN,
2026-02-19T21:58:31.944258,DRY_RUN_COPY,courses 2\Old Courses\August 2024\ORCE\ORCE June.xlsx,E:\Users\ibrahim\Desktop\techno_data_ Copy\courses 2\Old Courses\August 2024\ORCE\ORCE June.xlsx,_REORGANIZED\01_CourseAttendance\Archive\ORCE June.xlsx,E:\Users\ibrahim\Desktop\techno_data_ Copy\_REORGANIZED\01_CourseAttendance\Archive\ORCE June.xlsx,CourseAttendance,0.257,,DRY_RUN,
2026-02-19T21:58:31.944854,DRY_RUN_COPY,courses 2\Old Courses\Codeavour\Codeavour November.xlsx,E:\Users\ibrahim\Desktop\techno_data_ Copy\courses 2\Old Courses\Codeavour\Codeavour November.xlsx,_REORGANIZED\01_CourseAttendance\Archive\Codeavour November.xlsx,E:\Users\ibrahim\Desktop\techno_data_ Copy\_REORGANIZED\01_CourseAttendance\Archive\Codeavour November.xlsx,CourseAttendance,0.314,,DRY_RUN,
2026-02-19T21:58:31.945469,DRY_RUN_COPY,courses 2\Old Courses\FLL\FLL December 2024.xlsx,E:\Users\ibrahim\Desktop\techno_data_ Copy\courses 2\Old Courses\FLL\FLL December 2024.xlsx,_REORGANIZED\01_CourseAttendance\Archive\FLL December 2024.xlsx,E:\Users\ibrahim\Desktop\techno_data_ Copy\_REORGANIZED\01_CourseAttendance\Archive\FLL December 2024.xlsx,CourseAttendance,0.314,,DRY_RUN,
2026-02-19T21:58:31.946070,DRY_RUN_COPY,courses 2\Old Courses\FLL\FLL January 2025.xlsx,E:\Users\ibrahim\Desktop\techno_data_ Copy\courses 2\Old Courses\FLL\FLL January 2025.xlsx,_REORGANIZED\01_CourseAttendance\Archive\FLL January 2025.xlsx,E:\Users\ibrahim\Desktop\techno_data_ Copy\_REORGANIZED\01_CourseAttendance\Archive\FLL January 2025.xlsx,CourseAttendance,0.314,,DRY_RUN,
2026-02-19T21:58:31.946797,DRY_RUN_COPY,courses 2\Old Courses\FLL\FLL November 2024.xlsx,E:\Users\ibrahim\Desktop\techno_data_ Copy\courses 2\Old Courses\FLL\FLL November 2024.xlsx,_REORGANIZED\01_CourseAttendance\Archive\FLL November 2024.xlsx,E:\Users\ibrahim\Desktop\techno_data_ Copy\_REORGANIZED\01_CourseAttendance\Archive\FLL November 2024.xlsx,CourseAttendance,0.314,,DRY_RUN,
2026-02-19T21:58:31.947483,DRY_RUN_COPY,courses 2\Old Courses\FLL\FLL October 2024.xlsx,E:\Users\ibrahim\Desktop\techno_data_ Copy\courses 2\Old Courses\FLL\FLL October 2024.xlsx,_REORGANIZED\01_CourseAttendance\Archive\FLL October 2024.xlsx,E:\Users\ibrahim\Desktop\techno_data_ Copy\_REORGANIZED\01_CourseAttendance\Archive\FLL October 2024.xlsx,CourseAttendance,0.314,,DRY_RUN,
2026-02-19T21:58:31.948237,DRY_RUN_COPY,courses 2\Old Courses\FLL\FLL September 2024.xlsx,E:\Users\ibrahim\Desktop\techno_data_ Copy\courses 2\Old Courses\FLL\FLL September 2024.xlsx,_REORGANIZED\01_CourseAttendance\Archive\FLL September 2024.xlsx,E:\Users\ibrahim\Desktop\techno_data_ Copy\_REORGANIZED\01_CourseAttendance\Archive\FLL September 2024.xlsx,CourseAttendance,0.314,,DRY_RUN,
2026-02-19T21:58:31.948925,DRY_RUN_COPY,courses 2\Old Courses\FLL\New Microsoft Excel Worksheet.xlsx,E:\Users\ibrahim\Desktop\techno_data_ Copy\courses 2\Old Courses\FLL\New Microsoft Excel Worksheet.xlsx,_REORGANIZED\01_CourseAttendance\Archive\New Microsoft Excel Worksheet.xlsx,E:\Users\ibrahim\Desktop\techno_data_ Copy\_REORGANIZED\01_CourseAttendance\Archive\New Microsoft Excel Worksheet.xlsx,CourseAttendance,0.314,,DRY_RUN,
2026-02-19T21:58:31.949631,DRY_RUN_COPY,courses 2\Old Courses\FLL\fll feb.xlsx,E:\Users\ibrahim\Desktop\techno_data_ Copy\courses 2\Old Courses\FLL\fll feb.xlsx,_REORGANIZED\01_CourseAttendance\Archive\fll feb.xlsx,E:\Users\ibrahim\Desktop\techno_data_ Copy\_REORGANIZED\01_CourseAttendance\Archive\fll feb.xlsx,CourseAttendance,0.314,,DRY_RUN,
2026-02-19T21:58:31.950322,DRY_RUN_COPY,courses 2\Old Courses\FLL\fll march 2025.xlsx,E:\Users\ibrahim\Desktop\techno_data_ Copy\courses 2\Old Courses\FLL\fll march 2025.xlsx,_REORGANIZED\01_CourseAttendance\Archive\fll march 2025.xlsx,E:\Users\ibrahim\Desktop\techno_data_ Copy\_REORGANIZED\01_CourseAttendance\Archive\fll march 2025.xlsx,CourseAttendance,0.314,,DRY_RUN,
2026-02-19T21:58:31.950945,DRY_RUN_COPY,courses 2\Old Courses\July 2024\Ev3 Wed 2-5.xlsx,E:\Users\ibrahim\Desktop\techno_data_ Copy\courses 2\Old Courses\July 2024\Ev3 Wed 2-5.xlsx,_REORGANIZED\01_CourseAttendance\Archive\Ev3 Wed 2-5.xlsx,E:\Users\ibrahim\Desktop\techno_data_ Copy\_REORGANIZED\01_CourseAttendance\Archive\Ev3 Wed 2-5.xlsx,CourseAttendance,0.229,,DRY_RUN,
2026-02-19T21:58:31.951653,DRY_RUN_COPY,courses 2\Old Courses\July 2024\HTML - CSS project mon 4-7.xlsx,E:\Users\ibrahim\Desktop\techno_data_ Copy\courses 2\Old Courses\July 2024\HTML - CSS project mon 4-7.xlsx,_REORGANIZED\01_CourseAttendance\Archive\HTML - CSS project mon 4-7.xlsx,E:\Users\ibrahim\Desktop\techno_data_ Copy\_REORGANIZED\01_CourseAttendance\Archive\HTML - CSS project mon 4-7.xlsx,CourseAttendance,0.343,,DRY_RUN,
2026-02-19T21:58:31.952377,DRY_RUN_COPY,courses 2\Old Courses\July 2024\Html Sun 5-8.xlsx,E:\Users\ibrahim\Desktop\techno_data_ Copy\courses 2\Old Courses\July 2024\Html Sun 5-8.xlsx,_REORGANIZED\01_CourseAttendance\Archive\Html Sun 5-8.xlsx,E:\Users\ibrahim\Desktop\techno_data_ Copy\_REORGANIZED\01_CourseAttendance\Archive\Html Sun 5-8.xlsx,CourseAttendance,0.343,,DRY_RUN,
2026-02-19T21:58:31.953214,DRY_RUN_COPY,courses 2\Old Courses\July 2024\Java mon 1-3.xlsx,E:\Users\ibrahim\Desktop\techno_data_ Copy\courses 2\Old Courses\July 2024\Java mon 1-3.xlsx,_REORGANIZED\01_CourseAttendance\Archive\Java mon 1-3.xlsx,E:\Users\ibrahim\Desktop\techno_data_ Copy\_REORGANIZED\01_CourseAttendance\Archive\Java mon 1-3.xlsx,CourseAttendance,0.286,,DRY_RUN,
2026-02-19T21:58:31.953976,DRY_RUN_COPY,courses 2\Old Courses\July 2024\Junior Scratch Thu 5-8.xlsx,E:\Users\ibrahim\Desktop\techno_data_ Copy\courses 2\Old Courses\July 2024\Junior Scratch Thu 5-8.xlsx,_REORGANIZED\01_CourseAttendance\Archive\Junior Scratch Thu 5-8.xlsx,E:\Users\ibrahim\Desktop\techno_data_ Copy\_REORGANIZED\01_CourseAttendance\Archive\Junior Scratch Thu 5-8.xlsx,CourseAttendance,0.229,,DRY_RUN,
2026-02-19T21:58:31.954724,DRY_RUN_COPY,courses 2\Old Courses\July 2024\Junior scratch sat 3-6.xlsx,E:\Users\ibrahim\Desktop\techno_data_ Copy\courses 2\Old Courses\July 2024\Junior scratch sat 3-6.xlsx,_REORGANIZED\01_CourseAttendance\Archive\Junior scratch sat 3-6.xlsx,E:\Users\ibrahim\Desktop\techno_data_ Copy\_REORGANIZED\01_CourseAttendance\Archive\Junior scratch sat 3-6.xlsx,CourseAttendance,0.171,,DRY_RUN,
2026-02-19T21:58:31.955426,DRY_RUN_COPY,courses 2\Old Courses\July 2024\Scratch Sun 12-3.xlsx,E:\Users\ibrahim\Desktop\techno_data_ Copy\courses 2\Old Courses\July 2024\Scratch Sun 12-3.xlsx,_REORGANIZED\01_CourseAttendance\Archive\Scratch Sun 12-3.xlsx,E:\Users\ibrahim\Desktop\techno_data_ Copy\_REORGANIZED\01_CourseAttendance\Archive\Scratch Sun 12-3.xlsx,CourseAttendance,0.229,,DRY_RUN,
2026-02-19T21:58:31.956164,DRY_RUN_COPY,courses 2\Old Courses\July 2024\Spike Mon 2-5.xlsx,E:\Users\ibrahim\Desktop\techno_data_ Copy\courses 2\Old Courses\July 2024\Spike Mon 2-5.xlsx,_REORGANIZED\01_CourseAttendance\Archive\Spike Mon 2-5.xlsx,E:\Users\ibrahim\Desktop\techno_data_ Copy\_REORGANIZED\01_CourseAttendance\Archive\Spike Mon 2-5.xlsx,CourseAttendance,0.229,,DRY_RUN,
2026-02-19T21:58:31.956901,DRY_RUN_COPY,courses 2\Old Courses\July 2024\Spike Sat 2-5.xlsx,E:\Users\ibrahim\Desktop\techno_data_ Copy\courses 2\Old Courses\July 2024\Spike Sat 2-5.xlsx,_REORGANIZED\01_CourseAttendance\Archive\Spike Sat 2-5.xlsx,E:\Users\ibrahim\Desktop\techno_data_ Copy\_REORGANIZED\01_CourseAttendance\Archive\Spike Sat 2-5.xlsx,CourseAttendance,0.343,,DRY_RUN,
2026-02-19T21:58:31.957586,DRY_RUN_COPY,courses 2\Old Courses\July 2024\Spike fri 5-8.xlsx,E:\Users\ibrahim\Desktop\techno_data_ Copy\courses 2\Old Courses\July 2024\Spike fri 5-8.xlsx,_REORGANIZED\01_CourseAttendance\Archive\Spike fri 5-8.xlsx,E:\Users\ibrahim\Desktop\techno_data_ Copy\_REORGANIZED\01_CourseAttendance\Archive\Spike fri 5-8.xlsx,CourseAttendance,0.343,,DRY_RUN,
2026-02-19T21:58:31.958140,DRY_RUN_COPY,courses 2\Old Courses\July 2024\Wedo Mon 4-7.xlsx,E:\Users\ibrahim\Desktop\techno_data_ Copy\courses 2\Old Courses\July 2024\Wedo Mon 4-7.xlsx,_REORGANIZED\01_CourseAttendance\Archive\Wedo Mon 4-7.xlsx,E:\Users\ibrahim\Desktop\techno_data_ Copy\_REORGANIZED\01_CourseAttendance\Archive\Wedo Mon 4-7.xlsx,CourseAttendance,0.286,,DRY_RUN,
2026-02-19T21:58:31.958894,DRY_RUN_COPY,courses 2\Old Courses\June 2024\Electronics fri 2-5.xlsx,E:\Users\ibrahim\Desktop\techno_data_ Copy\courses 2\Old Courses\June 2024\Electronics fri 2-5.xlsx,_REORGANIZED\01_CourseAttendance\Archive\Electronics fri 2-5.xlsx,E:\Users\ibrahim\Desktop\techno_data_ Copy\_REORGANIZED\01_CourseAttendance\Archive\Electronics fri 2-5.xlsx,CourseAttendance,0.343,,DRY_RUN,
2026-02-19T21:58:31.960083,DRY_RUN_COPY,courses 2\Old Courses\June 2024\Ev3 Sat 5-8.xlsx,E:\Users\ibrahim\Desktop\techno_data_ Copy\courses 2\Old Courses\June 2024\Ev3 Sat 5-8.xlsx,_REORGANIZED\01_CourseAttendance\Archive\Ev3 Sat 5-8.xlsx,E:\Users\ibrahim\Desktop\techno_data_ Copy\_REORGANIZED\01_CourseAttendance\Archive\Ev3 Sat 5-8.xlsx,CourseAttendance,0.343,,DRY_RUN,
2026-02-19T21:58:31.960956,DRY_RUN_COPY,courses 2\Old Courses\June 2024\Ev3 fri 5-8 (Mariam).xlsx,E:\Users\ibrahim\Desktop\techno_data_ Copy\courses 2\Old Courses\June 2024\Ev3 fri 5-8 (Mariam).xlsx,_REORGANIZED\01_CourseAttendance\Archive\Ev3 fri 5-8 (Mariam).xlsx,E:\Users\ibrahim\Desktop\techno_data_ Copy\_REORGANIZED\01_CourseAttendance\Archive\Ev3 fri 5-8 (Mariam).xlsx,CourseAttendance,0.343,,DRY_RUN,
2026-02-19T21:58:31.961848,DRY_RUN_COPY,courses 2\Old Courses\June 2024\Junior scratch fri 5-7.xlsx,E:\Users\ibrahim\Desktop\techno_data_ Copy\courses 2\Old Courses\June 2024\Junior scratch fri 5-7.xlsx,_REORGANIZED\01_CourseAttendance\Archive\Junior scratch fri 5-7.xlsx,E:\Users\ibrahim\Desktop\techno_data_ Copy\_REORGANIZED\01_CourseAttendance\Archive\Junior scratch fri 5-7.xlsx,CourseAttendance,0.286,,DRY_RUN,
2026-02-19T21:58:31.962616,DRY_RUN_COPY,courses 2\Old Courses\June 2024\Junior scratch sat 11-2.xlsx,E:\Users\ibrahim\Desktop\techno_data_ Copy\courses 2\Old Courses\June 2024\Junior scratch sat 11-2.xlsx,_REORGANIZED\01_CourseAttendance\Archive\Junior scratch sat 11-2.xlsx,E:\Users\ibrahim\Desktop\techno_data_ Copy\_REORGANIZED\01_CourseAttendance\Archive\Junior scratch sat 11-2.xlsx,CourseAttendance,0.286,,DRY_RUN,
2026-02-19T21:58:31.963495,DRY_RUN_COPY,courses 2\Old Courses\June 2024\Scratch Sun 12-3.xlsx,E:\Users\ibrahim\Desktop\techno_data_ Copy\courses 2\Old Courses\June 2024\Scratch Sun 12-3.xlsx,_REORGANIZED\01_CourseAttendance\Archive\Scratch Sun 12-3.xlsx,E:\Users\ibrahim\Desktop\techno_data_ Copy\_REORGANIZED\01_CourseAttendance\Archive\Scratch Sun 12-3.xlsx,CourseAttendance,0.343,,DRY_RUN,
2026-02-19T21:58:31.964242,DRY_RUN_COPY,courses 2\Old Courses\June 2024\robofest\April.xlsx,E:\Users\ibrahim\Desktop\techno_data_ Copy\courses 2\Old Courses\June 2024\robofest\April.xlsx,_REORGANIZED\01_CourseAttendance\Archive\April.xlsx,E:\Users\ibrahim\Desktop\techno_data_ Copy\_REORGANIZED\01_CourseAttendance\Archive\April.xlsx,CourseAttendance,0.514,,DRY_RUN,
2026-02-19T21:58:31.965075,DRY_RUN_COPY,courses 2\Old Courses\June 2024\robofest\May.xlsx,E:\Users\ibrahim\Desktop\techno_data_ Copy\courses 2\Old Courses\June 2024\robofest\May.xlsx,_REORGANIZED\01_CourseAttendance\Archive\May.xlsx,E:\Users\ibrahim\Desktop\techno_data_ Copy\_REORGANIZED\01_CourseAttendance\Archive\May.xlsx,CourseAttendance,0.514,,DRY_RUN,
2026-02-19T21:58:31.965928,DRY_RUN_COPY,courses 2\Old Courses\June 2024\robofest\june.xlsx,E:\Users\ibrahim\Desktop\techno_data_ Copy\courses 2\Old Courses\June 2024\robofest\june.xlsx,_REORGANIZED\01_CourseAttendance\Archive\june.xlsx,E:\Users\ibrahim\Desktop\techno_data_ Copy\_REORGANIZED\01_CourseAttendance\Archive\june.xlsx,CourseAttendance,0.514,,DRY_RUN,
2026-02-19T21:58:31.966614,DRY_RUN_COPY,courses 2\Old Courses\June 2024\robofest\march.xlsx,E:\Users\ibrahim\Desktop\techno_data_ Copy\courses 2\Old Courses\June 2024\robofest\march.xlsx,_REORGANIZED\01_CourseAttendance\Archive\march.xlsx,E:\Users\ibrahim\Desktop\techno_data_ Copy\_REORGANIZED\01_CourseAttendance\Archive\march.xlsx,CourseAttendance,0.486,,DRY_RUN,
2026-02-19T21:58:31.967273,DRY_RUN_COPY,courses 2\Old Courses\littel 2025\Littel enistein sat 3-5.xlsx,E:\Users\ibrahim\Desktop\techno_data_ Copy\courses 2\Old Courses\littel 2025\Littel enistein sat 3-5.xlsx,_REORGANIZED\01_CourseAttendance\Archive\Littel enistein sat 3-5.xlsx,E:\Users\ibrahim\Desktop\techno_data_ Copy\_REORGANIZED\01_CourseAttendance\Archive\Littel enistein sat 3-5.xlsx,CourseAttendance,0.314,,DRY_RUN,
2026-02-19T21:58:31.968048,DRY_RUN_COPY,courses 2\Old Courses\littel 2025\littel enistein sat 3-6.xlsx,E:\Users\ibrahim\Desktop\techno_data_ Copy\courses 2\Old Courses\littel 2025\littel enistein sat 3-6.xlsx,_REORGANIZED\01_CourseAttendance\Archive\littel enistein sat 3-6.xlsx,E:\Users\ibrahim\Desktop\techno_data_ Copy\_REORGANIZED\01_CourseAttendance\Archive\littel enistein sat 3-6.xlsx,CourseAttendance,0.314,,DRY_RUN,
2026-02-19T21:58:31.968798,DRY_RUN_COPY,courses 2\Old Courses\March 2024\CSS 2 mon 3 - 5.xlsx,E:\Users\ibrahim\Desktop\techno_data_ Copy\courses 2\Old Courses\March 2024\CSS 2 mon 3 - 5.xlsx,_REORGANIZED\01_CourseAttendance\Archive\CSS 2 mon 3 - 5.xlsx,E:\Users\ibrahim\Desktop\techno_data_ Copy\_REORGANIZED\01_CourseAttendance\Archive\CSS 2 mon 3 - 5.xlsx,CourseAttendance,0.286,,DRY_RUN,
2026-02-19T21:58:31.969612,DRY_RUN_COPY,courses 2\Old Courses\March 2024\CSS mon 1-4.xlsx,E:\Users\ibrahim\Desktop\techno_data_ Copy\courses 2\Old Courses\March 2024\CSS mon 1-4.xlsx,_REORGANIZED\01_CourseAttendance\Archive\CSS mon 1-4.xlsx,E:\Users\ibrahim\Desktop\techno_data_ Copy\_REORGANIZED\01_CourseAttendance\Archive\CSS mon 1-4.xlsx,CourseAttendance,0.4,,DRY_RUN,
2026-02-19T21:58:31.970496,DRY_RUN_COPY,courses 2\Old Courses\March 2024\CSS sun-3-5.xlsx,E:\Users\ibrahim\Desktop\techno_data_ Copy\courses 2\Old Courses\March 2024\CSS sun-3-5.xlsx,_REORGANIZED\05_Unclassified\corrupt\CSS sun-3-5.xlsx,E:\Users\ibrahim\Desktop\techno_data_ Copy\_REORGANIZED\05_Unclassified\corrupt\CSS sun-3-5.xlsx,Unclassified,0.0,,DRY_RUN,
2026-02-19T21:58:31.971385,DRY_RUN_COPY,courses 2\Old Courses\March 2024\Ev3 fr 2-5.xlsx,E:\Users\ibrahim\Desktop\techno_data_ Copy\courses 2\Old Courses\March 2024\Ev3 fr 2-5.xlsx,_REORGANIZED\05_Unclassified\corrupt\Ev3 fr 2-5.xlsx,E:\Users\ibrahim\Desktop\techno_data_ Copy\_REORGANIZED\05_Unclassified\corrupt\Ev3 fr 2-5.xlsx,Unclassified,0.0,,DRY_RUN,
2026-02-19T21:58:31.972024,DRY_RUN_COPY,courses 2\Old Courses\March 2024\Human Body sat 3 to 6.xlsx,E:\Users\ibrahim\Desktop\techno_data_ Copy\courses 2\Old Courses\March 2024\Human Body sat 3 to 6.xlsx,_REORGANIZED\01_CourseAttendance\Archive\Human Body sat 3 to 6.xlsx,E:\Users\ibrahim\Desktop\techno_data_ Copy\_REORGANIZED\01_CourseAttendance\Archive\Human Body sat 3 to 6.xlsx,CourseAttendance,0.286,,DRY_RUN,
2026-02-19T21:58:31.972822,DRY_RUN_COPY,courses 2\Old Courses\March 2024\Human body lv2 Sat 3-6.xlsx,E:\Users\ibrahim\Desktop\techno_data_ Copy\courses 2\Old Courses\March 2024\Human body lv2 Sat 3-6.xlsx,_REORGANIZED\05_Unclassified\corrupt\Human body lv2 Sat 3-6.xlsx,E:\Users\ibrahim\Desktop\techno_data_ Copy\_REORGANIZED\05_Unclassified\corrupt\Human body lv2 Sat 3-6.xlsx,Unclassified,0.0,,DRY_RUN,
2026-02-19T21:58:31.973469,DRY_RUN_COPY,courses 2\Old Courses\March 2024\ICT wed 10-12.xlsx,E:\Users\ibrahim\Desktop\techno_data_ Copy\courses 2\Old Courses\March 2024\ICT wed 10-12.xlsx,_REORGANIZED\01_CourseAttendance\Archive\ICT wed 10-12.xlsx,E:\Users\ibrahim\Desktop\techno_data_ Copy\_REORGANIZED\01_CourseAttendance\Archive\ICT wed 10-12.xlsx,CourseAttendance,0.286,,DRY_RUN,
2026-02-19T21:58:31.974207,DRY_RUN_COPY,courses 2\Old Courses\March 2024\Wedo 1 fr 3-6.xlsx,E:\Users\ibrahim\Desktop\techno_data_ Copy\courses 2\Old Courses\March 2024\Wedo 1 fr 3-6.xlsx,_REORGANIZED\01_CourseAttendance\Archive\Wedo 1 fr 3-6.xlsx,E:\Users\ibrahim\Desktop\techno_data_ Copy\_REORGANIZED\01_CourseAttendance\Archive\Wedo 1 fr 3-6.xlsx,CourseAttendance,0.343,,DRY_RUN,
2026-02-19T21:58:31.975169,DRY_RUN_COPY,courses 2\Old Courses\March 2024\Wedo Diploma fr 5-8.xlsx,E:\Users\ibrahim\Desktop\techno_data_ Copy\courses 2\Old Courses\March 2024\Wedo Diploma fr 5-8.xlsx,_REORGANIZED\05_Unclassified\corrupt\Wedo Diploma fr 5-8.xlsx,E:\Users\ibrahim\Desktop\techno_data_ Copy\_REORGANIZED\05_Unclassified\corrupt\Wedo Diploma fr 5-8.xlsx,Unclassified,0.0,,DRY_RUN,
2026-02-19T21:58:31.975989,DRY_RUN_COPY,courses 2\Old Courses\March 2024\ev3 sat 12-2.xlsx,E:\Users\ibrahim\Desktop\techno_data_ Copy\courses 2\Old Courses\March 2024\ev3 sat 12-2.xlsx,_REORGANIZED\01_CourseAttendance\Archive\ev3 sat 12-2.xlsx,E:\Users\ibrahim\Desktop\techno_data_ Copy\_REORGANIZED\01_CourseAttendance\Archive\ev3 sat 12-2.xlsx,CourseAttendance,0.286,,DRY_RUN,
2026-02-19T21:58:31.976665,DRY_RUN_COPY,courses 2\Old Courses\March 2024\lego fr 2-5.xlsx,E:\Users\ibrahim\Desktop\techno_data_ Copy\courses 2\Old Courses\March 2024\lego fr 2-5.xlsx,_REORGANIZED\01_CourseAttendance\Archive\lego fr 2-5.xlsx,E:\Users\ibrahim\Desktop\techno_data_ Copy\_REORGANIZED\01_CourseAttendance\Archive\lego fr 2-5.xlsx,CourseAttendance,0.4,,DRY_RUN,
2026-02-19T21:58:31.977389,DRY_RUN_COPY,courses 2\Old Courses\March 2024\spike th 3-5.xlsx,E:\Users\ibrahim\Desktop\techno_data_ Copy\courses 2\Old Courses\March 2024\spike th 3-5.xlsx,_REORGANIZED\01_CourseAttendance\Archive\spike th 3-5.xlsx,E:\Users\ibrahim\Desktop\techno_data_ Copy\_REORGANIZED\01_CourseAttendance\Archive\spike th 3-5.xlsx,CourseAttendance,0.343,,DRY_RUN,
2026-02-19T21:58:31.978134,DRY_RUN_COPY,courses 2\Old Courses\March 2024\wedo 2 fr 1-3.xlsx,E:\Users\ibrahim\Desktop\techno_data_ Copy\courses 2\Old Courses\March 2024\wedo 2 fr 1-3.xlsx,_REORGANIZED\01_CourseAttendance\Archive\wedo 2 fr 1-3.xlsx,E:\Users\ibrahim\Desktop\techno_data_ Copy\_REORGANIZED\01_CourseAttendance\Archive\wedo 2 fr 1-3.xlsx,CourseAttendance,0.343,,DRY_RUN,
2026-02-19T21:58:31.978785,DRY_RUN_COPY,courses 2\Old Courses\March 2024\wedo 2 sun 3-5.xlsx,E:\Users\ibrahim\Desktop\techno_data_ Copy\courses 2\Old Courses\March 2024\wedo 2 sun 3-5.xlsx,_REORGANIZED\01_CourseAttendance\Archive\wedo 2 sun 3-5.xlsx,E:\Users\ibrahim\Desktop\techno_data_ Copy\_REORGANIZED\01_CourseAttendance\Archive\wedo 2 sun 3-5.xlsx,CourseAttendance,0.343,,DRY_RUN,
2026-02-19T21:58:31.979611,DRY_RUN_COPY,courses 2\Old Courses\March 2024\wedo fr 5-8.xlsx,E:\Users\ibrahim\Desktop\techno_data_ Copy\courses 2\Old Courses\March 2024\wedo fr 5-8.xlsx,_REORGANIZED\01_CourseAttendance\Archive\wedo fr 5-8.xlsx,E:\Users\ibrahim\Desktop\techno_data_ Copy\_REORGANIZED\01_CourseAttendance\Archive\wedo fr 5-8.xlsx,CourseAttendance,0.343,,DRY_RUN,
2026-02-19T21:58:31.980468,DRY_RUN_COPY,courses 2\Old Courses\March 2024\wedo lv1 fr 2-5 (mariam).xlsx,E:\Users\ibrahim\Desktop\techno_data_ Copy\courses 2\Old Courses\March 2024\wedo lv1 fr 2-5 (mariam).xlsx,_REORGANIZED\01_CourseAttendance\Archive\wedo lv1 fr 2-5 (mariam).xlsx,E:\Users\ibrahim\Desktop\techno_data_ Copy\_REORGANIZED\01_CourseAttendance\Archive\wedo lv1 fr 2-5 (mariam).xlsx,CourseAttendance,0.343,,DRY_RUN,
2026-02-19T21:58:31.981186,DRY_RUN_COPY,courses 2\Old Courses\May 2024\Wedo 2 (space) Mariam fr 2 to 5.xlsx,E:\Users\ibrahim\Desktop\techno_data_ Copy\courses 2\Old Courses\May 2024\Wedo 2 (space) Mariam fr 2 to 5.xlsx,_REORGANIZED\01_CourseAttendance\Archive\Wedo 2 (space) Mariam fr 2 to 5.xlsx,E:\Users\ibrahim\Desktop\techno_data_ Copy\_REORGANIZED\01_CourseAttendance\Archive\Wedo 2 (space) Mariam fr 2 to 5.xlsx,CourseAttendance,0.343,,DRY_RUN,
2026-02-19T21:58:31.981968,DRY_RUN_COPY,courses 2\Old Courses\May 2024\Wedo 2 fr 3-6.xlsx,E:\Users\ibrahim\Desktop\techno_data_ Copy\courses 2\Old Courses\May 2024\Wedo 2 fr 3-6.xlsx,_REORGANIZED\01_CourseAttendance\Archive\Wedo 2 fr 3-6.xlsx,E:\Users\ibrahim\Desktop\techno_data_ Copy\_REORGANIZED\01_CourseAttendance\Archive\Wedo 2 fr 3-6.xlsx,CourseAttendance,0.343,,DRY_RUN,
2026-02-19T21:58:31.982681,DRY_RUN_COPY,courses 2\Old Courses\May 2024\ev3 fr 2-5.xlsx,E:\Users\ibrahim\Desktop\techno_data_ Copy\courses 2\Old Courses\May 2024\ev3 fr 2-5.xlsx,_REORGANIZED\01_CourseAttendance\Archive\ev3 fr 2-5.xlsx,E:\Users\ibrahim\Desktop\techno_data_ Copy\_REORGANIZED\01_CourseAttendance\Archive\ev3 fr 2-5.xlsx,CourseAttendance,0.343,,DRY_RUN,
2026-02-19T21:58:31.983478,DRY_RUN_COPY,courses 2\Old Courses\October 2024\AI fri 6-8.xlsx,E:\Users\ibrahim\Desktop\techno_data_ Copy\courses 2\Old Courses\October 2024\AI fri 6-8.xlsx,_REORGANIZED\01_CourseAttendance\Archive\AI fri 6-8.xlsx,E:\Users\ibrahim\Desktop\techno_data_ Copy\_REORGANIZED\01_CourseAttendance\Archive\AI fri 6-8.xlsx,CourseAttendance,0.229,,DRY_RUN,
2026-02-19T21:58:31.984340,DRY_RUN_COPY,courses 2\Old Courses\October 2024\CSS L1 Sat 12-2.xlsx,E:\Users\ibrahim\Desktop\techno_data_ Copy\courses 2\Old Courses\October 2024\CSS L1 Sat 12-2.xlsx,_REORGANIZED\01_CourseAttendance\Archive\CSS L1 Sat 12-2.xlsx,E:\Users\ibrahim\Desktop\techno_data_ Copy\_REORGANIZED\01_CourseAttendance\Archive\CSS L1 Sat 12-2.xlsx,CourseAttendance,0.171,,DRY_RUN,
2026-02-19T21:58:31.985192,DRY_RUN_COPY,courses 2\Old Courses\October 2024\CSS L2 Sat 2-4.xlsx,E:\Users\ibrahim\Desktop\techno_data_ Copy\courses 2\Old Courses\October 2024\CSS L2 Sat 2-4.xlsx,_REORGANIZED\01_CourseAttendance\Archive\CSS L2 Sat 2-4.xlsx,E:\Users\ibrahim\Desktop\techno_data_ Copy\_REORGANIZED\01_CourseAttendance\Archive\CSS L2 Sat 2-4.xlsx,CourseAttendance,0.229,,DRY_RUN,
2026-02-19T21:58:31.985869,DRY_RUN_COPY,courses 2\Old Courses\October 2024\HTML Mon 12-2.xlsx,E:\Users\ibrahim\Desktop\techno_data_ Copy\courses 2\Old Courses\October 2024\HTML Mon 12-2.xlsx,_REORGANIZED\01_CourseAttendance\Archive\HTML Mon 12-2.xlsx,E:\Users\ibrahim\Desktop\techno_data_ Copy\_REORGANIZED\01_CourseAttendance\Archive\HTML Mon 12-2.xlsx,CourseAttendance,0.257,,DRY_RUN,
2026-02-19T21:58:31.986473,DRY_RUN_COPY,courses 2\Old Courses\October 2024\Junior scratch wed 4-6.xlsx,E:\Users\ibrahim\Desktop\techno_data_ Copy\courses 2\Old Courses\October 2024\Junior scratch wed 4-6.xlsx,_REORGANIZED\01_CourseAttendance\Archive\Junior scratch wed 4-6.xlsx,E:\Users\ibrahim\Desktop\techno_data_ Copy\_REORGANIZED\01_CourseAttendance\Archive\Junior scratch wed 4-6.xlsx,CourseAttendance,0.257,,DRY_RUN,
2026-02-19T21:58:31.987260,DRY_RUN_COPY,courses 2\Old Courses\October 2024\Scratch L2 Sat 3-6.xlsx,E:\Users\ibrahim\Desktop\techno_data_ Copy\courses 2\Old Courses\October 2024\Scratch L2 Sat 3-6.xlsx,_REORGANIZED\01_CourseAttendance\Archive\Scratch L2 Sat 3-6.xlsx,E:\Users\ibrahim\Desktop\techno_data_ Copy\_REORGANIZED\01_CourseAttendance\Archive\Scratch L2 Sat 3-6.xlsx,CourseAttendance,0.229,,DRY_RUN,
2026-02-19T21:58:31.988097,DRY_RUN_COPY,courses 2\Old Courses\October 2024\Wedo Fri 6-8.xlsx,E:\Users\ibrahim\Desktop\techno_data_ Copy\courses 2\Old Courses\October 2024\Wedo Fri 6-8.xlsx,_REORGANIZED\01_CourseAttendance\Archive\Wedo Fri 6-8.xlsx,E:\Users\ibrahim\Desktop\techno_data_ Copy\_REORGANIZED\01_CourseAttendance\Archive\Wedo Fri 6-8.xlsx,CourseAttendance,0.257,,DRY_RUN,
2026-02-19T21:58:31.988918,DRY_RUN_COPY,courses 2\Old Courses\October 2024\python L2 mon 3-6.xlsx,E:\Users\ibrahim\Desktop\techno_data_ Copy\courses 2\Old Courses\October 2024\python L2 mon 3-6.xlsx,_REORGANIZED\01_CourseAttendance\Archive\python L2 mon 3-6.xlsx,E:\Users\ibrahim\Desktop\techno_data_ Copy\_REORGANIZED\01_CourseAttendance\Archive\python L2 mon 3-6.xlsx,CourseAttendance,0.229,,DRY_RUN,
2026-02-19T21:58:31.989636,DRY_RUN_COPY,courses 2\Old Courses\September 2024\AAFFIAT.xlsx,E:\Users\ibrahim\Desktop\techno_data_ Copy\courses 2\Old Courses\September 2024\AAFFIAT.xlsx,_REORGANIZED\01_CourseAttendance\Archive\AAFFIAT.xlsx,E:\Users\ibrahim\Desktop\techno_data_ Copy\_REORGANIZED\01_CourseAttendance\Archive\AAFFIAT.xlsx,CourseAttendance,0.171,,DRY_RUN,
2026-02-19T21:58:31.990826,DRY_RUN_COPY,courses 2\Old Courses\September 2024\Arduino Fri 2-5.xlsx,E:\Users\ibrahim\Desktop\techno_data_ Copy\courses 2\Old Courses\September 2024\Arduino Fri 2-5.xlsx,_REORGANIZED\01_CourseAttendance\Archive\Arduino Fri 2-5.xlsx,E:\Users\ibrahim\Desktop\techno_data_ Copy\_REORGANIZED\01_CourseAttendance\Archive\Arduino Fri 2-5.xlsx,CourseAttendance,0.229,,DRY_RUN,
2026-02-19T21:58:31.991727,DRY_RUN_COPY,courses 2\Old Courses\September 2024\Arduino fri 11-2.xlsx,E:\Users\ibrahim\Desktop\techno_data_ Copy\courses 2\Old Courses\September 2024\Arduino fri 11-2.xlsx,_REORGANIZED\01_CourseAttendance\Archive\Arduino fri 11-2.xlsx,E:\Users\ibrahim\Desktop\techno_data_ Copy\_REORGANIZED\01_CourseAttendance\Archive\Arduino fri 11-2.xlsx,CourseAttendance,0.229,,DRY_RUN,
2026-02-19T21:58:31.992467,DRY_RUN_COPY,courses 2\Old Courses\September 2024\CSS L1 Sun 5-8.xlsx,E:\Users\ibrahim\Desktop\techno_data_ Copy\courses 2\Old Courses\September 2024\CSS L1 Sun 5-8.xlsx,_REORGANIZED\01_CourseAttendance\Archive\CSS L1 Sun 5-8.xlsx,E:\Users\ibrahim\Desktop\techno_data_ Copy\_REORGANIZED\01_CourseAttendance\Archive\CSS L1 Sun 5-8.xlsx,CourseAttendance,0.286,,DRY_RUN,
2026-02-19T21:58:31.993310,DRY_RUN_COPY,courses 2\Old Courses\September 2024\CSS L1 Wed 12-3.xlsx,E:\Users\ibrahim\Desktop\techno_data_ Copy\courses 2\Old Courses\September 2024\CSS L1 Wed 12-3.xlsx,_REORGANIZED\01_CourseAttendance\Archive\CSS L1 Wed 12-3.xlsx,E:\Users\ibrahim\Desktop\techno_data_ Copy\_REORGANIZED\01_CourseAttendance\Archive\CSS L1 Wed 12-3.xlsx,CourseAttendance,0.229,,DRY_RUN,
2026-02-19T21:58:31.994047,DRY_RUN_COPY,courses 2\Old Courses\September 2024\CSS L2 Thu 12-3.xlsx,E:\Users\ibrahim\Desktop\techno_data_ Copy\courses 2\Old Courses\September 2024\CSS L2 Thu 12-3.xlsx,_REORGANIZED\01_CourseAttendance\Archive\CSS L2 Thu 12-3.xlsx,E:\Users\ibrahim\Desktop\techno_data_ Copy\_REORGANIZED\01_CourseAttendance\Archive\CSS L2 Thu 12-3.xlsx,CourseAttendance,0.343,,DRY_RUN,
2026-02-19T21:58:31.994818,DRY_RUN_COPY,courses 2\Old Courses\September 2024\Ev3 L3 Sat 6-8.xlsx,E:\Users\ibrahim\Desktop\techno_data_ Copy\courses 2\Old Courses\September 2024\Ev3 L3 Sat 6-8.xlsx,_REORGANIZED\01_CourseAttendance\Archive\Ev3 L3 Sat 6-8.xlsx,E:\Users\ibrahim\Desktop\techno_data_ Copy\_REORGANIZED\01_CourseAttendance\Archive\Ev3 L3 Sat 6-8.xlsx,CourseAttendance,0.343,,DRY_RUN,
2026-02-19T21:58:31.995488,DRY_RUN_COPY,courses 2\Old Courses\September 2024\Ev3 L3 fri 5-8.xlsx,E:\Users\ibrahim\Desktop\techno_data_ Copy\courses 2\Old Courses\September 2024\Ev3 L3 fri 5-8.xlsx,_REORGANIZED\01_CourseAttendance\Archive\Ev3 L3 fri 5-8.xlsx,E:\Users\ibrahim\Desktop\techno_data_ Copy\_REORGANIZED\01_CourseAttendance\Archive\Ev3 L3 fri 5-8.xlsx,CourseAttendance,0.343,,DRY_RUN,
2026-02-19T21:58:31.996155,DRY_RUN_COPY,courses 2\Old Courses\September 2024\Ev3 fri 3-6.xlsx,E:\Users\ibrahim\Desktop\techno_data_ Copy\courses 2\Old Courses\September 2024\Ev3 fri 3-6.xlsx,_REORGANIZED\01_CourseAttendance\Archive\Ev3 fri 3-6.xlsx,E:\Users\ibrahim\Desktop\techno_data_ Copy\_REORGANIZED\01_CourseAttendance\Archive\Ev3 fri 3-6.xlsx,CourseAttendance,0.229,,DRY_RUN,
2026-02-19T21:58:31.996933,DRY_RUN_COPY,courses 2\Old Courses\September 2024\HTML Fri 11-2.xlsx,E:\Users\ibrahim\Desktop\techno_data_ Copy\courses 2\Old Courses\September 2024\HTML Fri 11-2.xlsx,_REORGANIZED\01_CourseAttendance\Archive\HTML Fri 11-2.xlsx,E:\Users\ibrahim\Desktop\techno_data_ Copy\_REORGANIZED\01_CourseAttendance\Archive\HTML Fri 11-2.xlsx,CourseAttendance,0.229,,DRY_RUN,
2026-02-19T21:58:31.997662,DRY_RUN_COPY,courses 2\Old Courses\September 2024\Java Sat 5-8.xlsx,E:\Users\ibrahim\Desktop\techno_data_ Copy\courses 2\Old Courses\September 2024\Java Sat 5-8.xlsx,_REORGANIZED\01_CourseAttendance\Archive\Java Sat 5-8.xlsx,E:\Users\ibrahim\Desktop\techno_data_ Copy\_REORGANIZED\01_CourseAttendance\Archive\Java Sat 5-8.xlsx,CourseAttendance,0.286,,DRY_RUN,
2026-02-19T21:58:31.998416,DRY_RUN_COPY,courses 2\Old Courses\September 2024\Junior Scratch L2 Thu 5-8.xlsx,E:\Users\ibrahim\Desktop\techno_data_ Copy\courses 2\Old Courses\September 2024\Junior Scratch L2 Thu 5-8.xlsx,_REORGANIZED\01_CourseAttendance\Archive\Junior Scratch L2 Thu 5-8.xlsx,E:\Users\ibrahim\Desktop\techno_data_ Copy\_REORGANIZED\01_CourseAttendance\Archive\Junior Scratch L2 Thu 5-8.xlsx,CourseAttendance,0.229,,DRY_RUN,
2026-02-19T21:58:31.999087,DRY_RUN_COPY,courses 2\Old Courses\September 2024\Lego fri-3-6.xlsx,E:\Users\ibrahim\Desktop\techno_data_ Copy\courses 2\Old Courses\September 2024\Lego fri-3-6.xlsx,_REORGANIZED\01_CourseAttendance\Archive\Lego fri-3-6.xlsx,E:\Users\ibrahim\Desktop\techno_data_ Copy\_REORGANIZED\01_CourseAttendance\Archive\Lego fri-3-6.xlsx,CourseAttendance,0.229,,DRY_RUN,
2026-02-19T21:58:31.999652,DRY_RUN_COPY,courses 2\Old Courses\September 2024\Scratch L2 Wed 4-7.xlsx,E:\Users\ibrahim\Desktop\techno_data_ Copy\courses 2\Old Courses\September 2024\Scratch L2 Wed 4-7.xlsx,_REORGANIZED\01_CourseAttendance\Archive\Scratch L2 Wed 4-7.xlsx,E:\Users\ibrahim\Desktop\techno_data_ Copy\_REORGANIZED\01_CourseAttendance\Archive\Scratch L2 Wed 4-7.xlsx,CourseAttendance,0.229,,DRY_RUN,
2026-02-19T21:58:32.000313,DRY_RUN_COPY,courses 2\Old Courses\September 2024\Scratch Wed 12-3.xlsx,E:\Users\ibrahim\Desktop\techno_data_ Copy\courses 2\Old Courses\September 2024\Scratch Wed 12-3.xlsx,_REORGANIZED\01_CourseAttendance\Archive\Scratch Wed 12-3.xlsx,E:\Users\ibrahim\Desktop\techno_data_ Copy\_REORGANIZED\01_CourseAttendance\Archive\Scratch Wed 12-3.xlsx,CourseAttendance,0.229,,DRY_RUN,
2026-02-19T21:58:32.000982,DRY_RUN_COPY,courses 2\Old Courses\September 2024\Scratch fri   12-3.xlsx,E:\Users\ibrahim\Desktop\techno_data_ Copy\courses 2\Old Courses\September 2024\Scratch fri   12-3.xlsx,_REORGANIZED\01_CourseAttendance\Archive\Scratch fri   12-3.xlsx,E:\Users\ibrahim\Desktop\techno_data_ Copy\_REORGANIZED\01_CourseAttendance\Archive\Scratch fri   12-3.xlsx,CourseAttendance,0.229,,DRY_RUN,
2026-02-19T21:58:32.001668,DRY_RUN_COPY,courses 2\Old Courses\September 2024\Soccer Mon 5-7.xlsx,E:\Users\ibrahim\Desktop\techno_data_ Copy\courses 2\Old Courses\September 2024\Soccer Mon 5-7.xlsx,_REORGANIZED\01_CourseAttendance\Archive\Soccer Mon 5-7.xlsx,E:\Users\ibrahim\Desktop\techno_data_ Copy\_REORGANIZED\01_CourseAttendance\Archive\Soccer Mon 5-7.xlsx,CourseAttendance,0.229,,DRY_RUN,
2026-02-19T21:58:32.002479,DRY_RUN_COPY,courses 2\Old Courses\September 2024\Soccer Sat 2-5.xlsx,E:\Users\ibrahim\Desktop\techno_data_ Copy\courses 2\Old Courses\September 2024\Soccer Sat 2-5.xlsx,_REORGANIZED\01_CourseAttendance\Archive\Soccer Sat 2-5.xlsx,E:\Users\ibrahim\Desktop\techno_data_ Copy\_REORGANIZED\01_CourseAttendance\Archive\Soccer Sat 2-5.xlsx,CourseAttendance,0.229,,DRY_RUN,
2026-02-19T21:58:32.003194,DRY_RUN_COPY,courses 2\Old Courses\September 2024\scratch sat 2-4.xlsx,E:\Users\ibrahim\Desktop\techno_data_ Copy\courses 2\Old Courses\September 2024\scratch sat 2-4.xlsx,_REORGANIZED\01_CourseAttendance\Archive\scratch sat 2-4.xlsx,E:\Users\ibrahim\Desktop\techno_data_ Copy\_REORGANIZED\01_CourseAttendance\Archive\scratch sat 2-4.xlsx,CourseAttendance,0.171,,DRY_RUN,
2026-02-19T21:58:32.003907,DRY_RUN_COPY,courses 2\Old Courses\September 2024\spike mon 12-3.xlsx,E:\Users\ibrahim\Desktop\techno_data_ Copy\courses 2\Old Courses\September 2024\spike mon 12-3.xlsx,_REORGANIZED\01_CourseAttendance\Archive\spike mon 12-3.xlsx,E:\Users\ibrahim\Desktop\techno_data_ Copy\_REORGANIZED\01_CourseAttendance\Archive\spike mon 12-3.xlsx,CourseAttendance,0.229,,DRY_RUN,
2026-02-19T21:58:32.004666,DRY_RUN_COPY,courses 2\Old Courses\September 2024\wedo L2 sat 11-2.xlsx,E:\Users\ibrahim\Desktop\techno_data_ Copy\courses 2\Old Courses\September 2024\wedo L2 sat 11-2.xlsx,_REORGANIZED\01_CourseAttendance\Archive\wedo L2 sat 11-2.xlsx,E:\Users\ibrahim\Desktop\techno_data_ Copy\_REORGANIZED\01_CourseAttendance\Archive\wedo L2 sat 11-2.xlsx,CourseAttendance,0.229,,DRY_RUN,
2026-02-19T21:58:32.005390,DRY_RUN_COPY,courses 2\Robofest 2025\robofest (1).xlsx,E:\Users\ibrahim\Desktop\techno_data_ Copy\courses 2\Robofest 2025\robofest (1).xlsx,_REORGANIZED\01_CourseAttendance\Active\robofest (1).xlsx,E:\Users\ibrahim\Desktop\techno_data_ Copy\_REORGANIZED\01_CourseAttendance\Active\robofest (1).xlsx,CourseAttendance,0.314,,DRY_RUN,
2026-02-19T21:58:32.006098,DRY_RUN_COPY,CRM\SAT.xlsx,E:\Users\ibrahim\Desktop\techno_data_ Copy\CRM\SAT.xlsx,_REORGANIZED\01_CourseAttendance\Active\SAT.xlsx,E:\Users\ibrahim\Desktop\techno_data_ Copy\_REORGANIZED\01_CourseAttendance\Active\SAT.xlsx,CourseAttendance,0.314,,DRY_RUN,
2026-02-19T21:58:32.006759,DRY_RUN_COPY,Esraa\New Microsoft Excel Worksheet.xlsx,E:\Users\ibrahim\Desktop\techno_data_ Copy\Esraa\New Microsoft Excel Worksheet.xlsx,_REORGANIZED\01_CourseAttendance\Active\New Microsoft Excel Worksheet.xlsx,E:\Users\ibrahim\Desktop\techno_data_ Copy\_REORGANIZED\01_CourseAttendance\Active\New Microsoft Excel Worksheet.xlsx,CourseAttendance,0.314,,DRY_RUN,
2026-02-19T21:58:32.007391,DRY_RUN_COPY,Esraa\Staff Attendance Sheet.xlsx,E:\Users\ibrahim\Desktop\techno_data_ Copy\Esraa\Staff Attendance Sheet.xlsx,_REORGANIZED\03_StaffAttendance\Staff Attendance Sheet.xlsx,E:\Users\ibrahim\Desktop\techno_data_ Copy\_REORGANIZED\03_StaffAttendance\Staff Attendance Sheet.xlsx,StaffAttendance,0.5,,DRY_RUN,
2026-02-19T21:58:32.008027,DRY_RUN_COPY,Esraa\sat groups.xlsx,E:\Users\ibrahim\Desktop\techno_data_ Copy\Esraa\sat groups.xlsx,_REORGANIZED\04_CRM_SAT\sat groups.xlsx,E:\Users\ibrahim\Desktop\techno_data_ Copy\_REORGANIZED\04_CRM_SAT\sat groups.xlsx,CRM_SAT,0.5,,DRY_RUN,
2026-02-19T21:58:32.008691,DRY_RUN_COPY,Esraa\8mon\New Microsoft Excel Worksheet.xlsx,E:\Users\ibrahim\Desktop\techno_data_ Copy\Esraa\8mon\New Microsoft Excel Worksheet.xlsx,_REORGANIZED\05_Unclassified\New Microsoft Excel Worksheet.xlsx,E:\Users\ibrahim\Desktop\techno_data_ Copy\_REORGANIZED\05_Unclassified\New Microsoft Excel Worksheet.xlsx,Unclassified,0.0,,DRY_RUN,
2026-02-19T21:58:32.009412,DRY_RUN_COPY,Esraa\8mon\fri8.xlsx,E:\Users\ibrahim\Desktop\techno_data_ Copy\Esraa\8mon\fri8.xlsx,_REORGANIZED\01_CourseAttendance\Active\fri8.xlsx,E:\Users\ibrahim\Desktop\techno_data_ Copy\_REORGANIZED\01_CourseAttendance\Active\fri8.xlsx,CourseAttendance,0.314,,DRY_RUN,
2026-02-19T21:58:32.010142,DRY_RUN_COPY,Esraa\8mon\mon.xlsx,E:\Users\ibrahim\Desktop\techno_data_ Copy\Esraa\8mon\mon.xlsx,_REORGANIZED\01_CourseAttendance\Active\mon.xlsx,E:\Users\ibrahim\Desktop\techno_data_ Copy\_REORGANIZED\01_CourseAttendance\Active\mon.xlsx,CourseAttendance,0.314,,DRY_RUN,
2026-02-19T21:58:32.010899,DRY_RUN_COPY,Esraa\8mon\sat8.xlsx,E:\Users\ibrahim\Desktop\techno_data_ Copy\Esraa\8mon\sat8.xlsx,_REORGANIZED\01_CourseAttendance\Active\sat8.xlsx,E:\Users\ibrahim\Desktop\techno_data_ Copy\_REORGANIZED\01_CourseAttendance\Active\sat8.xlsx,CourseAttendance,0.314,,DRY_RUN,
2026-02-19T21:58:32.011686,DRY_RUN_COPY,Esraa\8mon\sun8.xlsx,E:\Users\ibrahim\Desktop\techno_data_ Copy\Esraa\8mon\sun8.xlsx,_REORGANIZED\01_CourseAttendance\Active\sun8.xlsx,E:\Users\ibrahim\Desktop\techno_data_ Copy\_REORGANIZED\01_CourseAttendance\Active\sun8.xlsx,CourseAttendance,0.314,,DRY_RUN,
2026-02-19T21:58:32.012430,DRY_RUN_COPY,Esraa\8mon\thu8.xlsx,E:\Users\ibrahim\Desktop\techno_data_ Copy\Esraa\8mon\thu8.xlsx,_REORGANIZED\01_CourseAttendance\Active\thu8.xlsx,E:\Users\ibrahim\Desktop\techno_data_ Copy\_REORGANIZED\01_CourseAttendance\Active\thu8.xlsx,CourseAttendance,0.314,,DRY_RUN,
2026-02-19T21:58:32.013084,DRY_RUN_COPY,Esraa\8mon\wed8.xlsx,E:\Users\ibrahim\Desktop\techno_data_ Copy\Esraa\8mon\wed8.xlsx,_REORGANIZED\01_CourseAttendance\Active\wed8.xlsx,E:\Users\ibrahim\Desktop\techno_data_ Copy\_REORGANIZED\01_CourseAttendance\Active\wed8.xlsx,CourseAttendance,0.314,,DRY_RUN,
2026-02-19T21:58:32.013772,DRY_RUN_COPY,Esraa\fll sheets\fll.xlsx,E:\Users\ibrahim\Desktop\techno_data_ Copy\Esraa\fll sheets\fll.xlsx,_REORGANIZED\01_CourseAttendance\Active\fll.xlsx,E:\Users\ibrahim\Desktop\techno_data_ Copy\_REORGANIZED\01_CourseAttendance\Active\fll.xlsx,CourseAttendance,0.314,,DRY_RUN,
2026-02-19T21:58:32.014487,DRY_RUN_COPY,Esraa\ROBOFEST SHEETS\robofest (1) - Copy.xlsx,E:\Users\ibrahim\Desktop\techno_data_ Copy\Esraa\ROBOFEST SHEETS\robofest (1) - Copy.xlsx,_REORGANIZED\01_CourseAttendance\Active\robofest (1) - Copy.xlsx,E:\Users\ibrahim\Desktop\techno_data_ Copy\_REORGANIZED\01_CourseAttendance\Active\robofest (1) - Copy.xlsx,CourseAttendance,0.314,,DRY_RUN,
2026-02-19T21:58:32.015214,DRY_RUN_COPY,Esraa\ROBOFEST SHEETS\robofest (4-5).xlsx,E:\Users\ibrahim\Desktop\techno_data_ Copy\Esraa\ROBOFEST SHEETS\robofest (4-5).xlsx,_REORGANIZED\01_CourseAttendance\Active\robofest (4-5).xlsx,E:\Users\ibrahim\Desktop\techno_data_ Copy\_REORGANIZED\01_CourseAttendance\Active\robofest (4-5).xlsx,CourseAttendance,0.314,,DRY_RUN,
2026-02-19T21:58:32.015912,DRY_RUN_COPY,Esraa\شهر مايو\THU.xlsx,E:\Users\ibrahim\Desktop\techno_data_ Copy\Esraa\شهر مايو\THU.xlsx,_REORGANIZED\01_CourseAttendance\Archive\THU.xlsx,E:\Users\ibrahim\Desktop\techno_data_ Copy\_REORGANIZED\01_CourseAttendance\Archive\THU.xlsx,CourseAttendance,0.314,,DRY_RUN,
2026-02-19T21:58:32.016609,DRY_RUN_COPY,Esraa\شهر مايو\fri.xlsx,E:\Users\ibrahim\Desktop\techno_data_ Copy\Esraa\شهر مايو\fri.xlsx,_REORGANIZED\01_CourseAttendance\Archive\fri.xlsx,E:\Users\ibrahim\Desktop\techno_data_ Copy\_REORGANIZED\01_CourseAttendance\Archive\fri.xlsx,CourseAttendance,0.314,,DRY_RUN,
2026-02-19T21:58:32.017329,DRY_RUN_COPY,Esraa\شهر مايو\online and private course.xlsx,E:\Users\ibrahim\Desktop\techno_data_ Copy\Esraa\شهر مايو\online and private course.xlsx,_REORGANIZED\01_CourseAttendance\Archive\online and private course.xlsx,E:\Users\ibrahim\Desktop\techno_data_ Copy\_REORGANIZED\01_CourseAttendance\Archive\online and private course.xlsx,CourseAttendance,0.229,,DRY_RUN,
2026-02-19T21:58:32.018073,DRY_RUN_COPY,Esraa\شهر مايو\sun.xlsx,E:\Users\ibrahim\Desktop\techno_data_ Copy\Esraa\شهر مايو\sun.xlsx,_REORGANIZED\01_CourseAttendance\Archive\sun.xlsx,E:\Users\ibrahim\Desktop\techno_data_ Copy\_REORGANIZED\01_CourseAttendance\Archive\sun.xlsx,CourseAttendance,0.314,,DRY_RUN,
2026-02-19T21:58:32.018798,DRY_RUN_COPY,Esraa\شهر مايو\mon\mon.xlsx,E:\Users\ibrahim\Desktop\techno_data_ Copy\Esraa\شهر مايو\mon\mon.xlsx,_REORGANIZED\01_CourseAttendance\Archive\mon.xlsx,E:\Users\ibrahim\Desktop\techno_data_ Copy\_REORGANIZED\01_CourseAttendance\Archive\mon.xlsx,CourseAttendance,0.314,,DRY_RUN,
2026-02-19T21:58:32.019383,DRY_RUN_COPY,Esraa\شهر مايو\sat\sat.xlsx,E:\Users\ibrahim\Desktop\techno_data_ Copy\Esraa\شهر مايو\sat\sat.xlsx,_REORGANIZED\01_CourseAttendance\Archive\sat.xlsx,E:\Users\ibrahim\Desktop\techno_data_ Copy\_REORGANIZED\01_CourseAttendance\Archive\sat.xlsx,CourseAttendance,0.314,,DRY_RUN,
2026-02-19T21:58:32.019999,DRY_RUN_COPY,Esraa\شهر مايو\wed\New Microsoft Excel Worksheet.xlsx,E:\Users\ibrahim\Desktop\techno_data_ Copy\Esraa\شهر مايو\wed\New Microsoft Excel Worksheet.xlsx,_REORGANIZED\01_CourseAttendance\Archive\New Microsoft Excel Worksheet.xlsx,E:\Users\ibrahim\Desktop\techno_data_ Copy\_REORGANIZED\01_CourseAttendance\Archive\New Microsoft Excel Worksheet.xlsx,CourseAttendance,0.314,,DRY_RUN,
2026-02-19T21:58:32.021029,DRY_RUN_COPY,Esraa\شهر يونيو\fri6month.xlsx,E:\Users\ibrahim\Desktop\techno_data_ Copy\Esraa\شهر يونيو\fri6month.xlsx,_REORGANIZED\01_CourseAttendance\Archive\fri6month.xlsx,E:\Users\ibrahim\Desktop\techno_data_ Copy\_REORGANIZED\01_CourseAttendance\Archive\fri6month.xlsx,CourseAttendance,0.314,,DRY_RUN,
2026-02-19T21:58:32.021655,DRY_RUN_COPY,Esraa\شهر يونيو\mon month 6.xlsx,E:\Users\ibrahim\Desktop\techno_data_ Copy\Esraa\شهر يونيو\mon month 6.xlsx,_REORGANIZED\01_CourseAttendance\Archive\mon month 6.xlsx,E:\Users\ibrahim\Desktop\techno_data_ Copy\_REORGANIZED\01_CourseAttendance\Archive\mon month 6.xlsx,CourseAttendance,0.314,,DRY_RUN,
2026-02-19T21:58:32.022335,DRY_RUN_COPY,Esraa\شهر يونيو\sat g 6month.xlsx,E:\Users\ibrahim\Desktop\techno_data_ Copy\Esraa\شهر يونيو\sat g 6month.xlsx,_REORGANIZED\01_CourseAttendance\Archive\sat g 6month.xlsx,E:\Users\ibrahim\Desktop\techno_data_ Copy\_REORGANIZED\01_CourseAttendance\Archive\sat g 6month.xlsx,CourseAttendance,0.314,,DRY_RUN,
2026-02-19T21:58:32.023099,DRY_RUN_COPY,Esraa\شهر يونيو\sun month 6.xlsx,E:\Users\ibrahim\Desktop\techno_data_ Copy\Esraa\شهر يونيو\sun month 6.xlsx,_REORGANIZED\01_CourseAttendance\Archive\sun month 6.xlsx,E:\Users\ibrahim\Desktop\techno_data_ Copy\_REORGANIZED\01_CourseAttendance\Archive\sun month 6.xlsx,CourseAttendance,0.314,,DRY_RUN,
2026-02-19T21:58:32.023773,DRY_RUN_COPY,Esraa\شهر يونيو\thu 6 month.xlsx,E:\Users\ibrahim\Desktop\techno_data_ Copy\Esraa\شهر يونيو\thu 6 month.xlsx,_REORGANIZED\01_CourseAttendance\Archive\thu 6 month.xlsx,E:\Users\ibrahim\Desktop\techno_data_ Copy\_REORGANIZED\01_CourseAttendance\Archive\thu 6 month.xlsx,CourseAttendance,0.314,,DRY_RUN,
2026-02-19T21:58:32.024440,DRY_RUN_COPY,Esraa\شهر يونيو\wed6 month (Autosaved).xlsx,E:\Users\ibrahim\Desktop\techno_data_ Copy\Esraa\شهر يونيو\wed6 month (Autosaved).xlsx,_REORGANIZED\01_CourseAttendance\Archive\wed6 month (Autosaved).xlsx,E:\Users\ibrahim\Desktop\techno_data_ Copy\_REORGANIZED\01_CourseAttendance\Archive\wed6 month (Autosaved).xlsx,CourseAttendance,0.314,,DRY_RUN,
2026-02-19T21:58:32.025148,DRY_RUN_COPY,Esraa\شهر يونيو\wed6 month.xlsx,E:\Users\ibrahim\Desktop\techno_data_ Copy\Esraa\شهر يونيو\wed6 month.xlsx,_REORGANIZED\01_CourseAttendance\Archive\wed6 month.xlsx,E:\Users\ibrahim\Desktop\techno_data_ Copy\_REORGANIZED\01_CourseAttendance\Archive\wed6 month.xlsx,CourseAttendance,0.314,,DRY_RUN,
2026-02-19T21:58:32.025774,DRY_RUN_COPY,Esraa\شهر7\fri7.xlsx,E:\Users\ibrahim\Desktop\techno_data_ Copy\Esraa\شهر7\fri7.xlsx,_REORGANIZED\01_CourseAttendance\Archive\fri7.xlsx,E:\Users\ibrahim\Desktop\techno_data_ Copy\_REORGANIZED\01_CourseAttendance\Archive\fri7.xlsx,CourseAttendance,0.314,,DRY_RUN,
2026-02-19T21:58:32.026428,DRY_RUN_COPY,Esraa\شهر7\mon 7.xlsx,E:\Users\ibrahim\Desktop\techno_data_ Copy\Esraa\شهر7\mon 7.xlsx,_REORGANIZED\01_CourseAttendance\Archive\mon 7.xlsx,E:\Users\ibrahim\Desktop\techno_data_ Copy\_REORGANIZED\01_CourseAttendance\Archive\mon 7.xlsx,CourseAttendance,0.314,,DRY_RUN,
2026-02-19T21:58:32.027046,DRY_RUN_COPY,Esraa\شهر7\sat7.xlsx,E:\Users\ibrahim\Desktop\techno_data_ Copy\Esraa\شهر7\sat7.xlsx,_REORGANIZED\01_CourseAttendance\Archive\sat7.xlsx,E:\Users\ibrahim\Desktop\techno_data_ Copy\_REORGANIZED\01_CourseAttendance\Archive\sat7.xlsx,CourseAttendance,0.314,,DRY_RUN,
2026-02-19T21:58:32.027753,DRY_RUN_COPY,Esraa\شهر7\sun7.xlsx,E:\Users\ibrahim\Desktop\techno_data_ Copy\Esraa\شهر7\sun7.xlsx,_REORGANIZED\01_CourseAttendance\Archive\sun7.xlsx,E:\Users\ibrahim\Desktop\techno_data_ Copy\_REORGANIZED\01_CourseAttendance\Archive\sun7.xlsx,CourseAttendance,0.314,,DRY_RUN,
2026-02-19T21:58:32.028429,DRY_RUN_COPY,Esraa\شهر7\thu7 (Autosaved).xlsb,E:\Users\ibrahim\Desktop\techno_data_ Copy\Esraa\شهر7\thu7 (Autosaved).xlsb,_REORGANIZED\05_Unclassified\corrupt\thu7 (Autosaved).xlsb,E:\Users\ibrahim\Desktop\techno_data_ Copy\_REORGANIZED\05_Unclassified\corrupt\thu7 (Autosaved).xlsb,Unclassified,0.0,,DRY_RUN,
2026-02-19T21:58:32.029062,DRY_RUN_COPY,Esraa\شهر7\thu7.xlsx,E:\Users\ibrahim\Desktop\techno_data_ Copy\Esraa\شهر7\thu7.xlsx,_REORGANIZED\01_CourseAttendance\Archive\thu7.xlsx,E:\Users\ibrahim\Desktop\techno_data_ Copy\_REORGANIZED\01_CourseAttendance\Archive\thu7.xlsx,CourseAttendance,0.314,,DRY_RUN,
2026-02-19T21:58:32.029654,DRY_RUN_COPY,Esraa\شهر7\wed7 (Autosaved).xlsx,E:\Users\ibrahim\Desktop\techno_data_ Copy\Esraa\شهر7\wed7 (Autosaved).xlsx,_REORGANIZED\01_CourseAttendance\Archive\wed7 (Autosaved).xlsx,E:\Users\ibrahim\Desktop\techno_data_ Copy\_REORGANIZED\01_CourseAttendance\Archive\wed7 (Autosaved).xlsx,CourseAttendance,0.314,,DRY_RUN,
2026-02-19T21:58:32.030329,DRY_RUN_COPY,Esraa\شهر7\wed7.xlsx,E:\Users\ibrahim\Desktop\techno_data_ Copy\Esraa\شهر7\wed7.xlsx,_REORGANIZED\01_CourseAttendance\Archive\wed7.xlsx,E:\Users\ibrahim\Desktop\techno_data_ Copy\_REORGANIZED\01_CourseAttendance\Archive\wed7.xlsx,CourseAttendance,0.314,,DRY_RUN,
